REF_DATE,GEO,DGUID,Type of structure,Type of unit,VECTOR,COORDINATE,VALUE,city,province
2012,"Ottawa-Gatineau, Quebec part, Ontario/Quebec",2011S050524505,Row and apartment structures of three units and over,Bachelor units,v3822825,37.3.1,528.0,Ottawa-Gatineau,"Quebec part, Ontario/Quebec"
2012,"Ottawa-Gatineau, Quebec part, Ontario/Quebec",2011S050524505,Row and apartment structures of three units and over,One bedroom units,v3822959,37.3.2,628.0,Ottawa-Gatineau,"Quebec part, Ontario/Quebec"
2012,"Ottawa-Gatineau, Quebec part, Ontario/Quebec",2011S050524505,Row and apartment structures of three units and over,Two bedroom units,v3823093,37.3.3,744.0,Ottawa-Gatineau,"Quebec part, Ontario/Quebec"
2012,"Ottawa-Gatineau, Quebec part, Ontario/Quebec",2011S050524505,Row and apartment structures of three units and over,Three bedroom units,v3823227,37.3.4,835.0,Ottawa-Gatineau,"Quebec part, Ontario/Quebec"
2012,"Ottawa-Gatineau, Quebec part, Ontario/Quebec",2011S050524505,Row structures of three units and over,Two bedroom units,v3823629,37.2.3,795.0,Ottawa-Gatineau,"Quebec part, Ontario/Quebec"
2012,"Ottawa-Gatineau, Quebec part, Ontario/Quebec",2011S050524505,Row structures of three units and over,Three bedroom units,v3823763,37.2.4,897.0,Ottawa-Gatineau,"Quebec part, Ontario/Quebec"
2012,"Ottawa-Gatineau, Quebec part, Ontario/Quebec",2011S050524505,Apartment structures of three units and over,Bachelor units,v3823897,37.1.1,528.0,Ottawa-Gatineau,"Quebec part, Ontario/Quebec"
2012,"Ottawa-Gatineau, Quebec part, Ontario/Quebec",2011S050524505,Apartment structures of three units and over,One bedroom units,v3824031,37.1.2,628.0,Ottawa-Gatineau,"Quebec part, Ontario/Quebec"
2012,"Ottawa-Gatineau, Quebec part, Ontario/Quebec",2011S050524505,Apartment structures of three units and over,Two bedroom units,v3824165,37.1.3,743.0,Ottawa-Gatineau,"Quebec part, Ontario/Quebec"
2012,"Ottawa-Gatineau, Quebec part, Ontario/Quebec",2011S050524505,Apartment structures of three units and over,Three bedroom units,v3824299,37.1.4,834.0,Ottawa-Gatineau,"Quebec part, Ontario/Quebec"
2012,"Ottawa-Gatineau, Quebec part, Ontario/Quebec",2011S050524505,Apartment structures of six units and over,Bachelor units,v3824433,37.4.1,558.0,Ottawa-Gatineau,"Quebec part, Ontario/Quebec"
2012,"Ottawa-Gatineau, Quebec part, Ontario/Quebec",2011S050524505,Apartment structures of six units and over,One bedroom units,v3824621,37.4.2,645.0,Ottawa-Gatineau,"Quebec part, Ontario/Quebec"
2012,"Ottawa-Gatineau, Quebec part, Ontario/Quebec",2011S050524505,Apartment structures of six units and over,Two bedroom units,v3824809,37.4.3,747.0,Ottawa-Gatineau,"Quebec part, Ontario/Quebec"
2012,"Ottawa-Gatineau, Quebec part, Ontario/Quebec",2011S050524505,Apartment structures of six units and over,Three bedroom units,v3824997,37.4.4,841.0,Ottawa-Gatineau,"Quebec part, Ontario/Quebec"
2012,"Ottawa-Gatineau, Ontario/Quebec",2011S0503505,Row and apartment structures of three units and over,Bachelor units,v3822824,105.3.1,727.0,Ottawa-Gatineau,Ontario/Quebec
2012,"Ottawa-Gatineau, Ontario/Quebec",2011S0503505,Row and apartment structures of three units and over,One bedroom units,v3822958,105.3.2,877.0,Ottawa-Gatineau,Ontario/Quebec
2012,"Ottawa-Gatineau, Ontario/Quebec",2011S0503505,Row and apartment structures of three units and over,Two bedroom units,v3823092,105.3.3,992.0,Ottawa-Gatineau,Ontario/Quebec
2012,"Ottawa-Gatineau, Ontario/Quebec",2011S0503505,Row and apartment structures of three units and over,Three bedroom units,v3823226,105.3.4,1176.0,Ottawa-Gatineau,Ontario/Quebec
2012,"Ottawa-Gatineau, Ontario/Quebec",2011S0503505,Row structures of three units and over,One bedroom units,v3823494,105.2.2,888.0,Ottawa-Gatineau,Ontario/Quebec
2012,"Ottawa-Gatineau, Ontario/Quebec",2011S0503505,Row structures of three units and over,Two bedroom units,v3823628,105.2.3,1105.0,Ottawa-Gatineau,Ontario/Quebec
2012,"Ottawa-Gatineau, Ontario/Quebec",2011S0503505,Row structures of three units and over,Three bedroom units,v3823762,105.2.4,1259.0,Ottawa-Gatineau,Ontario/Quebec
2012,"Ottawa-Gatineau, Ontario/Quebec",2011S0503505,Apartment structures of three units and over,Bachelor units,v3823896,105.1.1,727.0,Ottawa-Gatineau,Ontario/Quebec
2012,"Ottawa-Gatineau, Ontario/Quebec",2011S0503505,Apartment structures of three units and over,One bedroom units,v3824030,105.1.2,877.0,Ottawa-Gatineau,Ontario/Quebec
2012,"Ottawa-Gatineau, Ontario/Quebec",2011S0503505,Apartment structures of three units and over,Two bedroom units,v3824164,105.1.3,986.0,Ottawa-Gatineau,Ontario/Quebec
2012,"Ottawa-Gatineau, Ontario/Quebec",2011S0503505,Apartment structures of three units and over,Three bedroom units,v3824298,105.1.4,1080.0,Ottawa-Gatineau,Ontario/Quebec
2012,"Ottawa-Gatineau, Ontario/Quebec",2011S0503505,Apartment structures of six units and over,Bachelor units,v3824432,105.4.1,737.0,Ottawa-Gatineau,Ontario/Quebec
2012,"Ottawa-Gatineau, Ontario/Quebec",2011S0503505,Apartment structures of six units and over,One bedroom units,v3824620,105.4.2,888.0,Ottawa-Gatineau,Ontario/Quebec
2012,"Ottawa-Gatineau, Ontario/Quebec",2011S0503505,Apartment structures of six units and over,Two bedroom units,v3824808,105.4.3,1007.0,Ottawa-Gatineau,Ontario/Quebec
2012,"Ottawa-Gatineau, Ontario/Quebec",2011S0503505,Apartment structures of six units and over,Three bedroom units,v3824996,105.4.4,1129.0,Ottawa-Gatineau,Ontario/Quebec
2012,"Ottawa-Gatineau, Ontario part, Ontario/Quebec",2011S050535505,Row and apartment structures of three units and over,Bachelor units,v3822826,106.3.1,754.0,Ottawa-Gatineau,"Ontario part, Ontario/Quebec"
2012,"Ottawa-Gatineau, Ontario part, Ontario/Quebec",2011S050535505,Row and apartment structures of three units and over,One bedroom units,v3822960,106.3.2,916.0,Ottawa-Gatineau,"Ontario part, Ontario/Quebec"
2012,"Ottawa-Gatineau, Ontario part, Ontario/Quebec",2011S050535505,Row and apartment structures of three units and over,Two bedroom units,v3823094,106.3.3,1115.0,Ottawa-Gatineau,"Ontario part, Ontario/Quebec"
2012,"Ottawa-Gatineau, Ontario part, Ontario/Quebec",2011S050535505,Row and apartment structures of three units and over,Three bedroom units,v3823228,106.3.4,1295.0,Ottawa-Gatineau,"Ontario part, Ontario/Quebec"
2012,"Ottawa-Gatineau, Ontario part, Ontario/Quebec",2011S050535505,Row structures of three units and over,One bedroom units,v3823496,106.2.2,903.0,Ottawa-Gatineau,"Ontario part, Ontario/Quebec"
2012,"Ottawa-Gatineau, Ontario part, Ontario/Quebec",2011S050535505,Row structures of three units and over,Two bedroom units,v3823630,106.2.3,1120.0,Ottawa-Gatineau,"Ontario part, Ontario/Quebec"
2012,"Ottawa-Gatineau, Ontario part, Ontario/Quebec",2011S050535505,Row structures of three units and over,Three bedroom units,v3823764,106.2.4,1263.0,Ottawa-Gatineau,"Ontario part, Ontario/Quebec"
2012,"Ottawa-Gatineau, Ontario part, Ontario/Quebec",2011S050535505,Apartment structures of three units and over,Bachelor units,v3823898,106.1.1,754.0,Ottawa-Gatineau,"Ontario part, Ontario/Quebec"
2012,"Ottawa-Gatineau, Ontario part, Ontario/Quebec",2011S050535505,Apartment structures of three units and over,One bedroom units,v3824032,106.1.2,916.0,Ottawa-Gatineau,"Ontario part, Ontario/Quebec"
2012,"Ottawa-Gatineau, Ontario part, Ontario/Quebec",2011S050535505,Apartment structures of three units and over,Two bedroom units,v3824166,106.1.3,1115.0,Ottawa-Gatineau,"Ontario part, Ontario/Quebec"
2012,"Ottawa-Gatineau, Ontario part, Ontario/Quebec",2011S050535505,Apartment structures of three units and over,Three bedroom units,v3824300,106.1.4,1377.0,Ottawa-Gatineau,"Ontario part, Ontario/Quebec"
2012,"Ottawa-Gatineau, Ontario part, Ontario/Quebec",2011S050535505,Apartment structures of six units and over,Bachelor units,v3824434,106.4.1,757.0,Ottawa-Gatineau,"Ontario part, Ontario/Quebec"
2012,"Ottawa-Gatineau, Ontario part, Ontario/Quebec",2011S050535505,Apartment structures of six units and over,One bedroom units,v3824622,106.4.2,921.0,Ottawa-Gatineau,"Ontario part, Ontario/Quebec"
2012,"Ottawa-Gatineau, Ontario part, Ontario/Quebec",2011S050535505,Apartment structures of six units and over,Two bedroom units,v3824810,106.4.3,1117.0,Ottawa-Gatineau,"Ontario part, Ontario/Quebec"
2012,"Ottawa-Gatineau, Ontario part, Ontario/Quebec",2011S050535505,Apartment structures of six units and over,Three bedroom units,v3824998,106.4.4,1406.0,Ottawa-Gatineau,"Ontario part, Ontario/Quebec"
2013,"Ottawa-Gatineau, Quebec part, Ontario/Quebec",2011S050524505,Row and apartment structures of three units and over,Bachelor units,v3822825,37.3.1,550.0,Ottawa-Gatineau,"Quebec part, Ontario/Quebec"
2013,"Ottawa-Gatineau, Quebec part, Ontario/Quebec",2011S050524505,Row and apartment structures of three units and over,One bedroom units,v3822959,37.3.2,617.0,Ottawa-Gatineau,"Quebec part, Ontario/Quebec"
2013,"Ottawa-Gatineau, Quebec part, Ontario/Quebec",2011S050524505,Row and apartment structures of three units and over,Two bedroom units,v3823093,37.3.3,745.0,Ottawa-Gatineau,"Quebec part, Ontario/Quebec"
2013,"Ottawa-Gatineau, Quebec part, Ontario/Quebec",2011S050524505,Row and apartment structures of three units and over,Three bedroom units,v3823227,37.3.4,833.0,Ottawa-Gatineau,"Quebec part, Ontario/Quebec"
2013,"Ottawa-Gatineau, Quebec part, Ontario/Quebec",2011S050524505,Row structures of three units and over,Two bedroom units,v3823629,37.2.3,807.0,Ottawa-Gatineau,"Quebec part, Ontario/Quebec"
2013,"Ottawa-Gatineau, Quebec part, Ontario/Quebec",2011S050524505,Row structures of three units and over,Three bedroom units,v3823763,37.2.4,902.0,Ottawa-Gatineau,"Quebec part, Ontario/Quebec"
2013,"Ottawa-Gatineau, Quebec part, Ontario/Quebec",2011S050524505,Apartment structures of three units and over,Bachelor units,v3823897,37.1.1,550.0,Ottawa-Gatineau,"Quebec part, Ontario/Quebec"
2013,"Ottawa-Gatineau, Quebec part, Ontario/Quebec",2011S050524505,Apartment structures of three units and over,One bedroom units,v3824031,37.1.2,617.0,Ottawa-Gatineau,"Quebec part, Ontario/Quebec"
2013,"Ottawa-Gatineau, Quebec part, Ontario/Quebec",2011S050524505,Apartment structures of three units and over,Two bedroom units,v3824165,37.1.3,744.0,Ottawa-Gatineau,"Quebec part, Ontario/Quebec"
2013,"Ottawa-Gatineau, Quebec part, Ontario/Quebec",2011S050524505,Apartment structures of three units and over,Three bedroom units,v3824299,37.1.4,831.0,Ottawa-Gatineau,"Quebec part, Ontario/Quebec"
2013,"Ottawa-Gatineau, Quebec part, Ontario/Quebec",2011S050524505,Apartment structures of six units and over,Bachelor units,v3824433,37.4.1,566.0,Ottawa-Gatineau,"Quebec part, Ontario/Quebec"
2013,"Ottawa-Gatineau, Quebec part, Ontario/Quebec",2011S050524505,Apartment structures of six units and over,One bedroom units,v3824621,37.4.2,640.0,Ottawa-Gatineau,"Quebec part, Ontario/Quebec"
2013,"Ottawa-Gatineau, Quebec part, Ontario/Quebec",2011S050524505,Apartment structures of six units and over,Two bedroom units,v3824809,37.4.3,749.0,Ottawa-Gatineau,"Quebec part, Ontario/Quebec"
2013,"Ottawa-Gatineau, Quebec part, Ontario/Quebec",2011S050524505,Apartment structures of six units and over,Three bedroom units,v3824997,37.4.4,848.0,Ottawa-Gatineau,"Quebec part, Ontario/Quebec"
2013,"Ottawa-Gatineau, Ontario/Quebec",2011S0503505,Row and apartment structures of three units and over,Bachelor units,v3822824,105.3.1,737.0,Ottawa-Gatineau,Ontario/Quebec
2013,"Ottawa-Gatineau, Ontario/Quebec",2011S0503505,Row and apartment structures of three units and over,One bedroom units,v3822958,105.3.2,884.0,Ottawa-Gatineau,Ontario/Quebec
2013,"Ottawa-Gatineau, Ontario/Quebec",2011S0503505,Row and apartment structures of three units and over,Two bedroom units,v3823092,105.3.3,1009.0,Ottawa-Gatineau,Ontario/Quebec
2013,"Ottawa-Gatineau, Ontario/Quebec",2011S0503505,Row and apartment structures of three units and over,Three bedroom units,v3823226,105.3.4,1192.0,Ottawa-Gatineau,Ontario/Quebec
2013,"Ottawa-Gatineau, Ontario/Quebec",2011S0503505,Row structures of three units and over,One bedroom units,v3823494,105.2.2,909.0,Ottawa-Gatineau,Ontario/Quebec
2013,"Ottawa-Gatineau, Ontario/Quebec",2011S0503505,Row structures of three units and over,Two bedroom units,v3823628,105.2.3,1111.0,Ottawa-Gatineau,Ontario/Quebec
2013,"Ottawa-Gatineau, Ontario/Quebec",2011S0503505,Row structures of three units and over,Three bedroom units,v3823762,105.2.4,1281.0,Ottawa-Gatineau,Ontario/Quebec
2013,"Ottawa-Gatineau, Ontario/Quebec",2011S0503505,Apartment structures of three units and over,Bachelor units,v3823896,105.1.1,737.0,Ottawa-Gatineau,Ontario/Quebec
2013,"Ottawa-Gatineau, Ontario/Quebec",2011S0503505,Apartment structures of three units and over,One bedroom units,v3824030,105.1.2,884.0,Ottawa-Gatineau,Ontario/Quebec
2013,"Ottawa-Gatineau, Ontario/Quebec",2011S0503505,Apartment structures of three units and over,Two bedroom units,v3824164,105.1.3,1003.0,Ottawa-Gatineau,Ontario/Quebec
2013,"Ottawa-Gatineau, Ontario/Quebec",2011S0503505,Apartment structures of three units and over,Three bedroom units,v3824298,105.1.4,1097.0,Ottawa-Gatineau,Ontario/Quebec
2013,"Ottawa-Gatineau, Ontario/Quebec",2011S0503505,Apartment structures of six units and over,Bachelor units,v3824432,105.4.1,746.0,Ottawa-Gatineau,Ontario/Quebec
2013,"Ottawa-Gatineau, Ontario/Quebec",2011S0503505,Apartment structures of six units and over,One bedroom units,v3824620,105.4.2,899.0,Ottawa-Gatineau,Ontario/Quebec
2013,"Ottawa-Gatineau, Ontario/Quebec",2011S0503505,Apartment structures of six units and over,Two bedroom units,v3824808,105.4.3,1024.0,Ottawa-Gatineau,Ontario/Quebec
2013,"Ottawa-Gatineau, Ontario/Quebec",2011S0503505,Apartment structures of six units and over,Three bedroom units,v3824996,105.4.4,1142.0,Ottawa-Gatineau,Ontario/Quebec
2013,"Ottawa-Gatineau, Ontario part, Ontario/Quebec",2011S050535505,Row and apartment structures of three units and over,Bachelor units,v3822826,106.3.1,766.0,Ottawa-Gatineau,"Ontario part, Ontario/Quebec"
2013,"Ottawa-Gatineau, Ontario part, Ontario/Quebec",2011S050535505,Row and apartment structures of three units and over,One bedroom units,v3822960,106.3.2,932.0,Ottawa-Gatineau,"Ontario part, Ontario/Quebec"
2013,"Ottawa-Gatineau, Ontario part, Ontario/Quebec",2011S050535505,Row and apartment structures of three units and over,Two bedroom units,v3823094,106.3.3,1132.0,Ottawa-Gatineau,"Ontario part, Ontario/Quebec"
2013,"Ottawa-Gatineau, Ontario part, Ontario/Quebec",2011S050535505,Row and apartment structures of three units and over,Three bedroom units,v3823228,106.3.4,1320.0,Ottawa-Gatineau,"Ontario part, Ontario/Quebec"
2013,"Ottawa-Gatineau, Ontario part, Ontario/Quebec",2011S050535505,Row structures of three units and over,One bedroom units,v3823496,106.2.2,922.0,Ottawa-Gatineau,"Ontario part, Ontario/Quebec"
2013,"Ottawa-Gatineau, Ontario part, Ontario/Quebec",2011S050535505,Row structures of three units and over,Two bedroom units,v3823630,106.2.3,1130.0,Ottawa-Gatineau,"Ontario part, Ontario/Quebec"
2013,"Ottawa-Gatineau, Ontario part, Ontario/Quebec",2011S050535505,Row structures of three units and over,Three bedroom units,v3823764,106.2.4,1286.0,Ottawa-Gatineau,"Ontario part, Ontario/Quebec"
2013,"Ottawa-Gatineau, Ontario part, Ontario/Quebec",2011S050535505,Apartment structures of three units and over,Bachelor units,v3823898,106.1.1,766.0,Ottawa-Gatineau,"Ontario part, Ontario/Quebec"
2013,"Ottawa-Gatineau, Ontario part, Ontario/Quebec",2011S050535505,Apartment structures of three units and over,One bedroom units,v3824032,106.1.2,932.0,Ottawa-Gatineau,"Ontario part, Ontario/Quebec"
2013,"Ottawa-Gatineau, Ontario part, Ontario/Quebec",2011S050535505,Apartment structures of three units and over,Two bedroom units,v3824166,106.1.3,1132.0,Ottawa-Gatineau,"Ontario part, Ontario/Quebec"
2013,"Ottawa-Gatineau, Ontario part, Ontario/Quebec",2011S050535505,Apartment structures of three units and over,Three bedroom units,v3824300,106.1.4,1396.0,Ottawa-Gatineau,"Ontario part, Ontario/Quebec"
2013,"Ottawa-Gatineau, Ontario part, Ontario/Quebec",2011S050535505,Apartment structures of six units and over,Bachelor units,v3824434,106.4.1,770.0,Ottawa-Gatineau,"Ontario part, Ontario/Quebec"
2013,"Ottawa-Gatineau, Ontario part, Ontario/Quebec",2011S050535505,Apartment structures of six units and over,One bedroom units,v3824622,106.4.2,936.0,Ottawa-Gatineau,"Ontario part, Ontario/Quebec"
2013,"Ottawa-Gatineau, Ontario part, Ontario/Quebec",2011S050535505,Apartment structures of six units and over,Two bedroom units,v3824810,106.4.3,1134.0,Ottawa-Gatineau,"Ontario part, Ontario/Quebec"
2013,"Ottawa-Gatineau, Ontario part, Ontario/Quebec",2011S050535505,Apartment structures of six units and over,Three bedroom units,v3824998,106.4.4,1415.0,Ottawa-Gatineau,"Ontario part, Ontario/Quebec"
2014,"Ottawa-Gatineau, Quebec part, Ontario/Quebec",2011S050524505,Row and apartment structures of three units and over,Bachelor units,v3822825,37.3.1,554.0,Ottawa-Gatineau,"Quebec part, Ontario/Quebec"
2014,"Ottawa-Gatineau, Quebec part, Ontario/Quebec",2011S050524505,Row and apartment structures of three units and over,One bedroom units,v3822959,37.3.2,630.0,Ottawa-Gatineau,"Quebec part, Ontario/Quebec"
2014,"Ottawa-Gatineau, Quebec part, Ontario/Quebec",2011S050524505,Row and apartment structures of three units and over,Two bedroom units,v3823093,37.3.3,750.0,Ottawa-Gatineau,"Quebec part, Ontario/Quebec"
2014,"Ottawa-Gatineau, Quebec part, Ontario/Quebec",2011S050524505,Row and apartment structures of three units and over,Three bedroom units,v3823227,37.3.4,837.0,Ottawa-Gatineau,"Quebec part, Ontario/Quebec"
2014,"Ottawa-Gatineau, Quebec part, Ontario/Quebec",2011S050524505,Row structures of three units and over,Two bedroom units,v3823629,37.2.3,749.0,Ottawa-Gatineau,"Quebec part, Ontario/Quebec"
2014,"Ottawa-Gatineau, Quebec part, Ontario/Quebec",2011S050524505,Row structures of three units and over,Three bedroom units,v3823763,37.2.4,890.0,Ottawa-Gatineau,"Quebec part, Ontario/Quebec"
2014,"Ottawa-Gatineau, Quebec part, Ontario/Quebec",2011S050524505,Apartment structures of three units and over,Bachelor units,v3823897,37.1.1,554.0,Ottawa-Gatineau,"Quebec part, Ontario/Quebec"
2014,"Ottawa-Gatineau, Quebec part, Ontario/Quebec",2011S050524505,Apartment structures of three units and over,One bedroom units,v3824031,37.1.2,630.0,Ottawa-Gatineau,"Quebec part, Ontario/Quebec"
2014,"Ottawa-Gatineau, Quebec part, Ontario/Quebec",2011S050524505,Apartment structures of three units and over,Two bedroom units,v3824165,37.1.3,750.0,Ottawa-Gatineau,"Quebec part, Ontario/Quebec"
2014,"Ottawa-Gatineau, Quebec part, Ontario/Quebec",2011S050524505,Apartment structures of three units and over,Three bedroom units,v3824299,37.1.4,836.0,Ottawa-Gatineau,"Quebec part, Ontario/Quebec"
2014,"Ottawa-Gatineau, Quebec part, Ontario/Quebec",2011S050524505,Apartment structures of six units and over,Bachelor units,v3824433,37.4.1,572.0,Ottawa-Gatineau,"Quebec part, Ontario/Quebec"
2014,"Ottawa-Gatineau, Quebec part, Ontario/Quebec",2011S050524505,Apartment structures of six units and over,One bedroom units,v3824621,37.4.2,649.0,Ottawa-Gatineau,"Quebec part, Ontario/Quebec"
2014,"Ottawa-Gatineau, Quebec part, Ontario/Quebec",2011S050524505,Apartment structures of six units and over,Two bedroom units,v3824809,37.4.3,753.0,Ottawa-Gatineau,"Quebec part, Ontario/Quebec"
2014,"Ottawa-Gatineau, Quebec part, Ontario/Quebec",2011S050524505,Apartment structures of six units and over,Three bedroom units,v3824997,37.4.4,838.0,Ottawa-Gatineau,"Quebec part, Ontario/Quebec"
2014,"Ottawa-Gatineau, Ontario/Quebec",2011S0503505,Row and apartment structures of three units and over,Bachelor units,v3822824,105.3.1,749.0,Ottawa-Gatineau,Ontario/Quebec
2014,"Ottawa-Gatineau, Ontario/Quebec",2011S0503505,Row and apartment structures of three units and over,One bedroom units,v3822958,105.3.2,892.0,Ottawa-Gatineau,Ontario/Quebec
2014,"Ottawa-Gatineau, Ontario/Quebec",2011S0503505,Row and apartment structures of three units and over,Two bedroom units,v3823092,105.3.3,1015.0,Ottawa-Gatineau,Ontario/Quebec
2014,"Ottawa-Gatineau, Ontario/Quebec",2011S0503505,Row and apartment structures of three units and over,Three bedroom units,v3823226,105.3.4,1183.0,Ottawa-Gatineau,Ontario/Quebec
2014,"Ottawa-Gatineau, Ontario/Quebec",2011S0503505,Row structures of three units and over,One bedroom units,v3823494,105.2.2,921.0,Ottawa-Gatineau,Ontario/Quebec
2014,"Ottawa-Gatineau, Ontario/Quebec",2011S0503505,Row structures of three units and over,Two bedroom units,v3823628,105.2.3,1103.0,Ottawa-Gatineau,Ontario/Quebec
2014,"Ottawa-Gatineau, Ontario/Quebec",2011S0503505,Row structures of three units and over,Three bedroom units,v3823762,105.2.4,1269.0,Ottawa-Gatineau,Ontario/Quebec
2014,"Ottawa-Gatineau, Ontario/Quebec",2011S0503505,Apartment structures of three units and over,Bachelor units,v3823896,105.1.1,749.0,Ottawa-Gatineau,Ontario/Quebec
2014,"Ottawa-Gatineau, Ontario/Quebec",2011S0503505,Apartment structures of three units and over,One bedroom units,v3824030,105.1.2,892.0,Ottawa-Gatineau,Ontario/Quebec
2014,"Ottawa-Gatineau, Ontario/Quebec",2011S0503505,Apartment structures of three units and over,Two bedroom units,v3824164,105.1.3,1009.0,Ottawa-Gatineau,Ontario/Quebec
2014,"Ottawa-Gatineau, Ontario/Quebec",2011S0503505,Apartment structures of three units and over,Three bedroom units,v3824298,105.1.4,1103.0,Ottawa-Gatineau,Ontario/Quebec
2014,"Ottawa-Gatineau, Ontario/Quebec",2011S0503505,Apartment structures of six units and over,Bachelor units,v3824432,105.4.1,760.0,Ottawa-Gatineau,Ontario/Quebec
2014,"Ottawa-Gatineau, Ontario/Quebec",2011S0503505,Apartment structures of six units and over,One bedroom units,v3824620,105.4.2,905.0,Ottawa-Gatineau,Ontario/Quebec
2014,"Ottawa-Gatineau, Ontario/Quebec",2011S0503505,Apartment structures of six units and over,Two bedroom units,v3824808,105.4.3,1030.0,Ottawa-Gatineau,Ontario/Quebec
2014,"Ottawa-Gatineau, Ontario/Quebec",2011S0503505,Apartment structures of six units and over,Three bedroom units,v3824996,105.4.4,1143.0,Ottawa-Gatineau,Ontario/Quebec
2014,"Ottawa-Gatineau, Ontario part, Ontario/Quebec",2011S050535505,Row and apartment structures of three units and over,Bachelor units,v3822826,106.3.1,780.0,Ottawa-Gatineau,"Ontario part, Ontario/Quebec"
2014,"Ottawa-Gatineau, Ontario part, Ontario/Quebec",2011S050535505,Row and apartment structures of three units and over,One bedroom units,v3822960,106.3.2,936.0,Ottawa-Gatineau,"Ontario part, Ontario/Quebec"
2014,"Ottawa-Gatineau, Ontario part, Ontario/Quebec",2011S050535505,Row and apartment structures of three units and over,Two bedroom units,v3823094,106.3.3,1131.0,Ottawa-Gatineau,"Ontario part, Ontario/Quebec"
2014,"Ottawa-Gatineau, Ontario part, Ontario/Quebec",2011S050535505,Row and apartment structures of three units and over,Three bedroom units,v3823228,106.3.4,1320.0,Ottawa-Gatineau,"Ontario part, Ontario/Quebec"
2014,"Ottawa-Gatineau, Ontario part, Ontario/Quebec",2011S050535505,Row structures of three units and over,One bedroom units,v3823496,106.2.2,932.0,Ottawa-Gatineau,"Ontario part, Ontario/Quebec"
2014,"Ottawa-Gatineau, Ontario part, Ontario/Quebec",2011S050535505,Row structures of three units and over,Two bedroom units,v3823630,106.2.3,1117.0,Ottawa-Gatineau,"Ontario part, Ontario/Quebec"
2014,"Ottawa-Gatineau, Ontario part, Ontario/Quebec",2011S050535505,Row structures of three units and over,Three bedroom units,v3823764,106.2.4,1272.0,Ottawa-Gatineau,"Ontario part, Ontario/Quebec"
2014,"Ottawa-Gatineau, Ontario part, Ontario/Quebec",2011S050535505,Apartment structures of three units and over,Bachelor units,v3823898,106.1.1,780.0,Ottawa-Gatineau,"Ontario part, Ontario/Quebec"
2014,"Ottawa-Gatineau, Ontario part, Ontario/Quebec",2011S050535505,Apartment structures of three units and over,One bedroom units,v3824032,106.1.2,936.0,Ottawa-Gatineau,"Ontario part, Ontario/Quebec"
2014,"Ottawa-Gatineau, Ontario part, Ontario/Quebec",2011S050535505,Apartment structures of three units and over,Two bedroom units,v3824166,106.1.3,1132.0,Ottawa-Gatineau,"Ontario part, Ontario/Quebec"
2014,"Ottawa-Gatineau, Ontario part, Ontario/Quebec",2011S050535505,Apartment structures of three units and over,Three bedroom units,v3824300,106.1.4,1415.0,Ottawa-Gatineau,"Ontario part, Ontario/Quebec"
2014,"Ottawa-Gatineau, Ontario part, Ontario/Quebec",2011S050535505,Apartment structures of six units and over,Bachelor units,v3824434,106.4.1,782.0,Ottawa-Gatineau,"Ontario part, Ontario/Quebec"
2014,"Ottawa-Gatineau, Ontario part, Ontario/Quebec",2011S050535505,Apartment structures of six units and over,One bedroom units,v3824622,106.4.2,941.0,Ottawa-Gatineau,"Ontario part, Ontario/Quebec"
2014,"Ottawa-Gatineau, Ontario part, Ontario/Quebec",2011S050535505,Apartment structures of six units and over,Two bedroom units,v3824810,106.4.3,1136.0,Ottawa-Gatineau,"Ontario part, Ontario/Quebec"
2014,"Ottawa-Gatineau, Ontario part, Ontario/Quebec",2011S050535505,Apartment structures of six units and over,Three bedroom units,v3824998,106.4.4,1421.0,Ottawa-Gatineau,"Ontario part, Ontario/Quebec"
2015,"Ottawa-Gatineau, Quebec part, Ontario/Quebec",2011S050524505,Row and apartment structures of three units and over,Bachelor units,v3822825,37.3.1,574.0,Ottawa-Gatineau,"Quebec part, Ontario/Quebec"
2015,"Ottawa-Gatineau, Quebec part, Ontario/Quebec",2011S050524505,Row and apartment structures of three units and over,One bedroom units,v3822959,37.3.2,656.0,Ottawa-Gatineau,"Quebec part, Ontario/Quebec"
2015,"Ottawa-Gatineau, Quebec part, Ontario/Quebec",2011S050524505,Row and apartment structures of three units and over,Two bedroom units,v3823093,37.3.3,751.0,Ottawa-Gatineau,"Quebec part, Ontario/Quebec"
2015,"Ottawa-Gatineau, Quebec part, Ontario/Quebec",2011S050524505,Row and apartment structures of three units and over,Three bedroom units,v3823227,37.3.4,851.0,Ottawa-Gatineau,"Quebec part, Ontario/Quebec"
2015,"Ottawa-Gatineau, Quebec part, Ontario/Quebec",2011S050524505,Row structures of three units and over,Two bedroom units,v3823629,37.2.3,759.0,Ottawa-Gatineau,"Quebec part, Ontario/Quebec"
2015,"Ottawa-Gatineau, Quebec part, Ontario/Quebec",2011S050524505,Row structures of three units and over,Three bedroom units,v3823763,37.2.4,879.0,Ottawa-Gatineau,"Quebec part, Ontario/Quebec"
2015,"Ottawa-Gatineau, Quebec part, Ontario/Quebec",2011S050524505,Apartment structures of three units and over,Bachelor units,v3823897,37.1.1,574.0,Ottawa-Gatineau,"Quebec part, Ontario/Quebec"
2015,"Ottawa-Gatineau, Quebec part, Ontario/Quebec",2011S050524505,Apartment structures of three units and over,One bedroom units,v3824031,37.1.2,656.0,Ottawa-Gatineau,"Quebec part, Ontario/Quebec"
2015,"Ottawa-Gatineau, Quebec part, Ontario/Quebec",2011S050524505,Apartment structures of three units and over,Two bedroom units,v3824165,37.1.3,751.0,Ottawa-Gatineau,"Quebec part, Ontario/Quebec"
2015,"Ottawa-Gatineau, Quebec part, Ontario/Quebec",2011S050524505,Apartment structures of three units and over,Three bedroom units,v3824299,37.1.4,850.0,Ottawa-Gatineau,"Quebec part, Ontario/Quebec"
2015,"Ottawa-Gatineau, Quebec part, Ontario/Quebec",2011S050524505,Apartment structures of six units and over,Bachelor units,v3824433,37.4.1,595.0,Ottawa-Gatineau,"Quebec part, Ontario/Quebec"
2015,"Ottawa-Gatineau, Quebec part, Ontario/Quebec",2011S050524505,Apartment structures of six units and over,One bedroom units,v3824621,37.4.2,667.0,Ottawa-Gatineau,"Quebec part, Ontario/Quebec"
2015,"Ottawa-Gatineau, Quebec part, Ontario/Quebec",2011S050524505,Apartment structures of six units and over,Two bedroom units,v3824809,37.4.3,754.0,Ottawa-Gatineau,"Quebec part, Ontario/Quebec"
2015,"Ottawa-Gatineau, Quebec part, Ontario/Quebec",2011S050524505,Apartment structures of six units and over,Three bedroom units,v3824997,37.4.4,848.0,Ottawa-Gatineau,"Quebec part, Ontario/Quebec"
2015,"Ottawa-Gatineau, Ontario/Quebec",2011S0503505,Row and apartment structures of three units and over,Bachelor units,v3822824,105.3.1,768.0,Ottawa-Gatineau,Ontario/Quebec
2015,"Ottawa-Gatineau, Ontario/Quebec",2011S0503505,Row and apartment structures of three units and over,One bedroom units,v3822958,105.3.2,925.0,Ottawa-Gatineau,Ontario/Quebec
2015,"Ottawa-Gatineau, Ontario/Quebec",2011S0503505,Row and apartment structures of three units and over,Two bedroom units,v3823092,105.3.3,1044.0,Ottawa-Gatineau,Ontario/Quebec
2015,"Ottawa-Gatineau, Ontario/Quebec",2011S0503505,Row and apartment structures of three units and over,Three bedroom units,v3823226,105.3.4,1203.0,Ottawa-Gatineau,Ontario/Quebec
2015,"Ottawa-Gatineau, Ontario/Quebec",2011S0503505,Row structures of three units and over,One bedroom units,v3823494,105.2.2,928.0,Ottawa-Gatineau,Ontario/Quebec
2015,"Ottawa-Gatineau, Ontario/Quebec",2011S0503505,Row structures of three units and over,Two bedroom units,v3823628,105.2.3,1156.0,Ottawa-Gatineau,Ontario/Quebec
2015,"Ottawa-Gatineau, Ontario/Quebec",2011S0503505,Row structures of three units and over,Three bedroom units,v3823762,105.2.4,1295.0,Ottawa-Gatineau,Ontario/Quebec
2015,"Ottawa-Gatineau, Ontario/Quebec",2011S0503505,Apartment structures of three units and over,Bachelor units,v3823896,105.1.1,768.0,Ottawa-Gatineau,Ontario/Quebec
2015,"Ottawa-Gatineau, Ontario/Quebec",2011S0503505,Apartment structures of three units and over,One bedroom units,v3824030,105.1.2,925.0,Ottawa-Gatineau,Ontario/Quebec
2015,"Ottawa-Gatineau, Ontario/Quebec",2011S0503505,Apartment structures of three units and over,Two bedroom units,v3824164,105.1.3,1037.0,Ottawa-Gatineau,Ontario/Quebec
2015,"Ottawa-Gatineau, Ontario/Quebec",2011S0503505,Apartment structures of three units and over,Three bedroom units,v3824298,105.1.4,1111.0,Ottawa-Gatineau,Ontario/Quebec
2015,"Ottawa-Gatineau, Ontario/Quebec",2011S0503505,Apartment structures of six units and over,Bachelor units,v3824432,105.4.1,779.0,Ottawa-Gatineau,Ontario/Quebec
2015,"Ottawa-Gatineau, Ontario/Quebec",2011S0503505,Apartment structures of six units and over,One bedroom units,v3824620,105.4.2,939.0,Ottawa-Gatineau,Ontario/Quebec
2015,"Ottawa-Gatineau, Ontario/Quebec",2011S0503505,Apartment structures of six units and over,Two bedroom units,v3824808,105.4.3,1059.0,Ottawa-Gatineau,Ontario/Quebec
2015,"Ottawa-Gatineau, Ontario/Quebec",2011S0503505,Apartment structures of six units and over,Three bedroom units,v3824996,105.4.4,1156.0,Ottawa-Gatineau,Ontario/Quebec
2015,"Ottawa-Gatineau, Ontario part, Ontario/Quebec",2011S050535505,Row and apartment structures of three units and over,Bachelor units,v3822826,106.3.1,801.0,Ottawa-Gatineau,"Ontario part, Ontario/Quebec"
2015,"Ottawa-Gatineau, Ontario part, Ontario/Quebec",2011S050535505,Row and apartment structures of three units and over,One bedroom units,v3822960,106.3.2,972.0,Ottawa-Gatineau,"Ontario part, Ontario/Quebec"
2015,"Ottawa-Gatineau, Ontario part, Ontario/Quebec",2011S050535505,Row and apartment structures of three units and over,Two bedroom units,v3823094,106.3.3,1174.0,Ottawa-Gatineau,"Ontario part, Ontario/Quebec"
2015,"Ottawa-Gatineau, Ontario part, Ontario/Quebec",2011S050535505,Row and apartment structures of three units and over,Three bedroom units,v3823228,106.3.4,1329.0,Ottawa-Gatineau,"Ontario part, Ontario/Quebec"
2015,"Ottawa-Gatineau, Ontario part, Ontario/Quebec",2011S050535505,Row structures of three units and over,One bedroom units,v3823496,106.2.2,932.0,Ottawa-Gatineau,"Ontario part, Ontario/Quebec"
2015,"Ottawa-Gatineau, Ontario part, Ontario/Quebec",2011S050535505,Row structures of three units and over,Two bedroom units,v3823630,106.2.3,1172.0,Ottawa-Gatineau,"Ontario part, Ontario/Quebec"
2015,"Ottawa-Gatineau, Ontario part, Ontario/Quebec",2011S050535505,Row structures of three units and over,Three bedroom units,v3823764,106.2.4,1299.0,Ottawa-Gatineau,"Ontario part, Ontario/Quebec"
2015,"Ottawa-Gatineau, Ontario part, Ontario/Quebec",2011S050535505,Apartment structures of three units and over,Bachelor units,v3823898,106.1.1,801.0,Ottawa-Gatineau,"Ontario part, Ontario/Quebec"
2015,"Ottawa-Gatineau, Ontario part, Ontario/Quebec",2011S050535505,Apartment structures of three units and over,One bedroom units,v3824032,106.1.2,972.0,Ottawa-Gatineau,"Ontario part, Ontario/Quebec"
2015,"Ottawa-Gatineau, Ontario part, Ontario/Quebec",2011S050535505,Apartment structures of three units and over,Two bedroom units,v3824166,106.1.3,1174.0,Ottawa-Gatineau,"Ontario part, Ontario/Quebec"
2015,"Ottawa-Gatineau, Ontario part, Ontario/Quebec",2011S050535505,Apartment structures of three units and over,Three bedroom units,v3824300,106.1.4,1390.0,Ottawa-Gatineau,"Ontario part, Ontario/Quebec"
2015,"Ottawa-Gatineau, Ontario part, Ontario/Quebec",2011S050535505,Apartment structures of six units and over,Bachelor units,v3824434,106.4.1,805.0,Ottawa-Gatineau,"Ontario part, Ontario/Quebec"
2015,"Ottawa-Gatineau, Ontario part, Ontario/Quebec",2011S050535505,Apartment structures of six units and over,One bedroom units,v3824622,106.4.2,977.0,Ottawa-Gatineau,"Ontario part, Ontario/Quebec"
2015,"Ottawa-Gatineau, Ontario part, Ontario/Quebec",2011S050535505,Apartment structures of six units and over,Two bedroom units,v3824810,106.4.3,1178.0,Ottawa-Gatineau,"Ontario part, Ontario/Quebec"
2015,"Ottawa-Gatineau, Ontario part, Ontario/Quebec",2011S050535505,Apartment structures of six units and over,Three bedroom units,v3824998,106.4.4,1393.0,Ottawa-Gatineau,"Ontario part, Ontario/Quebec"
2016,"Ottawa-Gatineau, Quebec part, Ontario/Quebec",2011S050524505,Row and apartment structures of three units and over,Bachelor units,v3822825,37.3.1,577.0,Ottawa-Gatineau,"Quebec part, Ontario/Quebec"
2016,"Ottawa-Gatineau, Quebec part, Ontario/Quebec",2011S050524505,Row and apartment structures of three units and over,One bedroom units,v3822959,37.3.2,653.0,Ottawa-Gatineau,"Quebec part, Ontario/Quebec"
2016,"Ottawa-Gatineau, Quebec part, Ontario/Quebec",2011S050524505,Row and apartment structures of three units and over,Two bedroom units,v3823093,37.3.3,762.0,Ottawa-Gatineau,"Quebec part, Ontario/Quebec"
2016,"Ottawa-Gatineau, Quebec part, Ontario/Quebec",2011S050524505,Row and apartment structures of three units and over,Three bedroom units,v3823227,37.3.4,857.0,Ottawa-Gatineau,"Quebec part, Ontario/Quebec"
2016,"Ottawa-Gatineau, Quebec part, Ontario/Quebec",2011S050524505,Row structures of three units and over,Two bedroom units,v3823629,37.2.3,760.0,Ottawa-Gatineau,"Quebec part, Ontario/Quebec"
2016,"Ottawa-Gatineau, Quebec part, Ontario/Quebec",2011S050524505,Row structures of three units and over,Three bedroom units,v3823763,37.2.4,815.0,Ottawa-Gatineau,"Quebec part, Ontario/Quebec"
2016,"Ottawa-Gatineau, Quebec part, Ontario/Quebec",2011S050524505,Apartment structures of three units and over,Bachelor units,v3823897,37.1.1,577.0,Ottawa-Gatineau,"Quebec part, Ontario/Quebec"
2016,"Ottawa-Gatineau, Quebec part, Ontario/Quebec",2011S050524505,Apartment structures of three units and over,One bedroom units,v3824031,37.1.2,653.0,Ottawa-Gatineau,"Quebec part, Ontario/Quebec"
2016,"Ottawa-Gatineau, Quebec part, Ontario/Quebec",2011S050524505,Apartment structures of three units and over,Two bedroom units,v3824165,37.1.3,762.0,Ottawa-Gatineau,"Quebec part, Ontario/Quebec"
2016,"Ottawa-Gatineau, Quebec part, Ontario/Quebec",2011S050524505,Apartment structures of three units and over,Three bedroom units,v3824299,37.1.4,859.0,Ottawa-Gatineau,"Quebec part, Ontario/Quebec"
2016,"Ottawa-Gatineau, Quebec part, Ontario/Quebec",2011S050524505,Apartment structures of six units and over,Bachelor units,v3824433,37.4.1,601.0,Ottawa-Gatineau,"Quebec part, Ontario/Quebec"
2016,"Ottawa-Gatineau, Quebec part, Ontario/Quebec",2011S050524505,Apartment structures of six units and over,One bedroom units,v3824621,37.4.2,668.0,Ottawa-Gatineau,"Quebec part, Ontario/Quebec"
2016,"Ottawa-Gatineau, Quebec part, Ontario/Quebec",2011S050524505,Apartment structures of six units and over,Two bedroom units,v3824809,37.4.3,764.0,Ottawa-Gatineau,"Quebec part, Ontario/Quebec"
2016,"Ottawa-Gatineau, Quebec part, Ontario/Quebec",2011S050524505,Apartment structures of six units and over,Three bedroom units,v3824997,37.4.4,848.0,Ottawa-Gatineau,"Quebec part, Ontario/Quebec"
2016,"Ottawa-Gatineau, Ontario/Quebec",2011S0503505,Row and apartment structures of three units and over,Bachelor units,v3822824,105.3.1,781.0,Ottawa-Gatineau,Ontario/Quebec
2016,"Ottawa-Gatineau, Ontario/Quebec",2011S0503505,Row and apartment structures of three units and over,One bedroom units,v3822958,105.3.2,930.0,Ottawa-Gatineau,Ontario/Quebec
2016,"Ottawa-Gatineau, Ontario/Quebec",2011S0503505,Row and apartment structures of three units and over,Two bedroom units,v3823092,105.3.3,1062.0,Ottawa-Gatineau,Ontario/Quebec
2016,"Ottawa-Gatineau, Ontario/Quebec",2011S0503505,Row and apartment structures of three units and over,Three bedroom units,v3823226,105.3.4,1235.0,Ottawa-Gatineau,Ontario/Quebec
2016,"Ottawa-Gatineau, Ontario/Quebec",2011S0503505,Row structures of three units and over,One bedroom units,v3823494,105.2.2,794.0,Ottawa-Gatineau,Ontario/Quebec
2016,"Ottawa-Gatineau, Ontario/Quebec",2011S0503505,Row structures of three units and over,Two bedroom units,v3823628,105.2.3,1177.0,Ottawa-Gatineau,Ontario/Quebec
2016,"Ottawa-Gatineau, Ontario/Quebec",2011S0503505,Row structures of three units and over,Three bedroom units,v3823762,105.2.4,1318.0,Ottawa-Gatineau,Ontario/Quebec
2016,"Ottawa-Gatineau, Ontario/Quebec",2011S0503505,Apartment structures of three units and over,Bachelor units,v3823896,105.1.1,781.0,Ottawa-Gatineau,Ontario/Quebec
2016,"Ottawa-Gatineau, Ontario/Quebec",2011S0503505,Apartment structures of three units and over,One bedroom units,v3824030,105.1.2,930.0,Ottawa-Gatineau,Ontario/Quebec
2016,"Ottawa-Gatineau, Ontario/Quebec",2011S0503505,Apartment structures of three units and over,Two bedroom units,v3824164,105.1.3,1055.0,Ottawa-Gatineau,Ontario/Quebec
2016,"Ottawa-Gatineau, Ontario/Quebec",2011S0503505,Apartment structures of three units and over,Three bedroom units,v3824298,105.1.4,1147.0,Ottawa-Gatineau,Ontario/Quebec
2016,"Ottawa-Gatineau, Ontario/Quebec",2011S0503505,Apartment structures of six units and over,Bachelor units,v3824432,105.4.1,792.0,Ottawa-Gatineau,Ontario/Quebec
2016,"Ottawa-Gatineau, Ontario/Quebec",2011S0503505,Apartment structures of six units and over,One bedroom units,v3824620,105.4.2,948.0,Ottawa-Gatineau,Ontario/Quebec
2016,"Ottawa-Gatineau, Ontario/Quebec",2011S0503505,Apartment structures of six units and over,Two bedroom units,v3824808,105.4.3,1078.0,Ottawa-Gatineau,Ontario/Quebec
2016,"Ottawa-Gatineau, Ontario/Quebec",2011S0503505,Apartment structures of six units and over,Three bedroom units,v3824996,105.4.4,1183.0,Ottawa-Gatineau,Ontario/Quebec
2016,"Ottawa-Gatineau, Ontario part, Ontario/Quebec",2011S050535505,Row and apartment structures of three units and over,Bachelor units,v3822826,106.3.1,812.0,Ottawa-Gatineau,"Ontario part, Ontario/Quebec"
2016,"Ottawa-Gatineau, Ontario part, Ontario/Quebec",2011S050535505,Row and apartment structures of three units and over,One bedroom units,v3822960,106.3.2,982.0,Ottawa-Gatineau,"Ontario part, Ontario/Quebec"
2016,"Ottawa-Gatineau, Ontario part, Ontario/Quebec",2011S050535505,Row and apartment structures of three units and over,Two bedroom units,v3823094,106.3.3,1201.0,Ottawa-Gatineau,"Ontario part, Ontario/Quebec"
2016,"Ottawa-Gatineau, Ontario part, Ontario/Quebec",2011S050535505,Row and apartment structures of three units and over,Three bedroom units,v3823228,106.3.4,1372.0,Ottawa-Gatineau,"Ontario part, Ontario/Quebec"
2016,"Ottawa-Gatineau, Ontario part, Ontario/Quebec",2011S050535505,Row structures of three units and over,One bedroom units,v3823496,106.2.2,797.0,Ottawa-Gatineau,"Ontario part, Ontario/Quebec"
2016,"Ottawa-Gatineau, Ontario part, Ontario/Quebec",2011S050535505,Row structures of three units and over,Two bedroom units,v3823630,106.2.3,1196.0,Ottawa-Gatineau,"Ontario part, Ontario/Quebec"
2016,"Ottawa-Gatineau, Ontario part, Ontario/Quebec",2011S050535505,Row structures of three units and over,Three bedroom units,v3823764,106.2.4,1332.0,Ottawa-Gatineau,"Ontario part, Ontario/Quebec"
2016,"Ottawa-Gatineau, Ontario part, Ontario/Quebec",2011S050535505,Apartment structures of three units and over,Bachelor units,v3823898,106.1.1,812.0,Ottawa-Gatineau,"Ontario part, Ontario/Quebec"
2016,"Ottawa-Gatineau, Ontario part, Ontario/Quebec",2011S050535505,Apartment structures of three units and over,One bedroom units,v3824032,106.1.2,982.0,Ottawa-Gatineau,"Ontario part, Ontario/Quebec"
2016,"Ottawa-Gatineau, Ontario part, Ontario/Quebec",2011S050535505,Apartment structures of three units and over,Two bedroom units,v3824166,106.1.3,1201.0,Ottawa-Gatineau,"Ontario part, Ontario/Quebec"
2016,"Ottawa-Gatineau, Ontario part, Ontario/Quebec",2011S050535505,Apartment structures of three units and over,Three bedroom units,v3824300,106.1.4,1457.0,Ottawa-Gatineau,"Ontario part, Ontario/Quebec"
2016,"Ottawa-Gatineau, Ontario part, Ontario/Quebec",2011S050535505,Apartment structures of six units and over,Bachelor units,v3824434,106.4.1,813.0,Ottawa-Gatineau,"Ontario part, Ontario/Quebec"
2016,"Ottawa-Gatineau, Ontario part, Ontario/Quebec",2011S050535505,Apartment structures of six units and over,One bedroom units,v3824622,106.4.2,990.0,Ottawa-Gatineau,"Ontario part, Ontario/Quebec"
2016,"Ottawa-Gatineau, Ontario part, Ontario/Quebec",2011S050535505,Apartment structures of six units and over,Two bedroom units,v3824810,106.4.3,1204.0,Ottawa-Gatineau,"Ontario part, Ontario/Quebec"
2016,"Ottawa-Gatineau, Ontario part, Ontario/Quebec",2011S050535505,Apartment structures of six units and over,Three bedroom units,v3824998,106.4.4,1460.0,Ottawa-Gatineau,"Ontario part, Ontario/Quebec"
2017,"Ottawa-Gatineau, Quebec part, Ontario/Quebec",2011S050524505,Row and apartment structures of three units and over,Bachelor units,v3822825,37.3.1,565.0,Ottawa-Gatineau,"Quebec part, Ontario/Quebec"
2017,"Ottawa-Gatineau, Quebec part, Ontario/Quebec",2011S050524505,Row and apartment structures of three units and over,One bedroom units,v3822959,37.3.2,656.0,Ottawa-Gatineau,"Quebec part, Ontario/Quebec"
2017,"Ottawa-Gatineau, Quebec part, Ontario/Quebec",2011S050524505,Row and apartment structures of three units and over,Two bedroom units,v3823093,37.3.3,782.0,Ottawa-Gatineau,"Quebec part, Ontario/Quebec"
2017,"Ottawa-Gatineau, Quebec part, Ontario/Quebec",2011S050524505,Row and apartment structures of three units and over,Three bedroom units,v3823227,37.3.4,870.0,Ottawa-Gatineau,"Quebec part, Ontario/Quebec"
2017,"Ottawa-Gatineau, Quebec part, Ontario/Quebec",2011S050524505,Row structures of three units and over,Two bedroom units,v3823629,37.2.3,767.0,Ottawa-Gatineau,"Quebec part, Ontario/Quebec"
2017,"Ottawa-Gatineau, Quebec part, Ontario/Quebec",2011S050524505,Row structures of three units and over,Three bedroom units,v3823763,37.2.4,906.0,Ottawa-Gatineau,"Quebec part, Ontario/Quebec"
2017,"Ottawa-Gatineau, Quebec part, Ontario/Quebec",2011S050524505,Apartment structures of three units and over,Bachelor units,v3823897,37.1.1,565.0,Ottawa-Gatineau,"Quebec part, Ontario/Quebec"
2017,"Ottawa-Gatineau, Quebec part, Ontario/Quebec",2011S050524505,Apartment structures of three units and over,One bedroom units,v3824031,37.1.2,656.0,Ottawa-Gatineau,"Quebec part, Ontario/Quebec"
2017,"Ottawa-Gatineau, Quebec part, Ontario/Quebec",2011S050524505,Apartment structures of three units and over,Two bedroom units,v3824165,37.1.3,782.0,Ottawa-Gatineau,"Quebec part, Ontario/Quebec"
2017,"Ottawa-Gatineau, Quebec part, Ontario/Quebec",2011S050524505,Apartment structures of three units and over,Three bedroom units,v3824299,37.1.4,868.0,Ottawa-Gatineau,"Quebec part, Ontario/Quebec"
2017,"Ottawa-Gatineau, Quebec part, Ontario/Quebec",2011S050524505,Apartment structures of six units and over,Bachelor units,v3824433,37.4.1,596.0,Ottawa-Gatineau,"Quebec part, Ontario/Quebec"
2017,"Ottawa-Gatineau, Quebec part, Ontario/Quebec",2011S050524505,Apartment structures of six units and over,One bedroom units,v3824621,37.4.2,678.0,Ottawa-Gatineau,"Quebec part, Ontario/Quebec"
2017,"Ottawa-Gatineau, Quebec part, Ontario/Quebec",2011S050524505,Apartment structures of six units and over,Two bedroom units,v3824809,37.4.3,783.0,Ottawa-Gatineau,"Quebec part, Ontario/Quebec"
2017,"Ottawa-Gatineau, Quebec part, Ontario/Quebec",2011S050524505,Apartment structures of six units and over,Three bedroom units,v3824997,37.4.4,863.0,Ottawa-Gatineau,"Quebec part, Ontario/Quebec"
2017,"Ottawa-Gatineau, Ontario/Quebec",2011S0503505,Row and apartment structures of three units and over,Bachelor units,v3822824,105.3.1,799.0,Ottawa-Gatineau,Ontario/Quebec
2017,"Ottawa-Gatineau, Ontario/Quebec",2011S0503505,Row and apartment structures of three units and over,One bedroom units,v3822958,105.3.2,968.0,Ottawa-Gatineau,Ontario/Quebec
2017,"Ottawa-Gatineau, Ontario/Quebec",2011S0503505,Row and apartment structures of three units and over,Two bedroom units,v3823092,105.3.3,1086.0,Ottawa-Gatineau,Ontario/Quebec
2017,"Ottawa-Gatineau, Ontario/Quebec",2011S0503505,Row and apartment structures of three units and over,Three bedroom units,v3823226,105.3.4,1282.0,Ottawa-Gatineau,Ontario/Quebec
2017,"Ottawa-Gatineau, Ontario/Quebec",2011S0503505,Row structures of three units and over,One bedroom units,v3823494,105.2.2,903.0,Ottawa-Gatineau,Ontario/Quebec
2017,"Ottawa-Gatineau, Ontario/Quebec",2011S0503505,Row structures of three units and over,Two bedroom units,v3823628,105.2.3,1191.0,Ottawa-Gatineau,Ontario/Quebec
2017,"Ottawa-Gatineau, Ontario/Quebec",2011S0503505,Row structures of three units and over,Three bedroom units,v3823762,105.2.4,1353.0,Ottawa-Gatineau,Ontario/Quebec
2017,"Ottawa-Gatineau, Ontario/Quebec",2011S0503505,Apartment structures of three units and over,Bachelor units,v3823896,105.1.1,799.0,Ottawa-Gatineau,Ontario/Quebec
2017,"Ottawa-Gatineau, Ontario/Quebec",2011S0503505,Apartment structures of three units and over,One bedroom units,v3824030,105.1.2,968.0,Ottawa-Gatineau,Ontario/Quebec
2017,"Ottawa-Gatineau, Ontario/Quebec",2011S0503505,Apartment structures of three units and over,Two bedroom units,v3824164,105.1.3,1080.0,Ottawa-Gatineau,Ontario/Quebec
2017,"Ottawa-Gatineau, Ontario/Quebec",2011S0503505,Apartment structures of three units and over,Three bedroom units,v3824298,105.1.4,1213.0,Ottawa-Gatineau,Ontario/Quebec
2017,"Ottawa-Gatineau, Ontario/Quebec",2011S0503505,Apartment structures of six units and over,Bachelor units,v3824432,105.4.1,813.0,Ottawa-Gatineau,Ontario/Quebec
2017,"Ottawa-Gatineau, Ontario/Quebec",2011S0503505,Apartment structures of six units and over,One bedroom units,v3824620,105.4.2,983.0,Ottawa-Gatineau,Ontario/Quebec
2017,"Ottawa-Gatineau, Ontario/Quebec",2011S0503505,Apartment structures of six units and over,Two bedroom units,v3824808,105.4.3,1106.0,Ottawa-Gatineau,Ontario/Quebec
2017,"Ottawa-Gatineau, Ontario/Quebec",2011S0503505,Apartment structures of six units and over,Three bedroom units,v3824996,105.4.4,1249.0,Ottawa-Gatineau,Ontario/Quebec
2017,"Ottawa-Gatineau, Ontario part, Ontario/Quebec",2011S050535505,Row and apartment structures of three units and over,Bachelor units,v3822826,106.3.1,836.0,Ottawa-Gatineau,"Ontario part, Ontario/Quebec"
2017,"Ottawa-Gatineau, Ontario part, Ontario/Quebec",2011S050535505,Row and apartment structures of three units and over,One bedroom units,v3822960,106.3.2,1022.0,Ottawa-Gatineau,"Ontario part, Ontario/Quebec"
2017,"Ottawa-Gatineau, Ontario part, Ontario/Quebec",2011S050535505,Row and apartment structures of three units and over,Two bedroom units,v3823094,106.3.3,1231.0,Ottawa-Gatineau,"Ontario part, Ontario/Quebec"
2017,"Ottawa-Gatineau, Ontario part, Ontario/Quebec",2011S050535505,Row and apartment structures of three units and over,Three bedroom units,v3823228,106.3.4,1435.0,Ottawa-Gatineau,"Ontario part, Ontario/Quebec"
2017,"Ottawa-Gatineau, Ontario part, Ontario/Quebec",2011S050535505,Row structures of three units and over,One bedroom units,v3823496,106.2.2,910.0,Ottawa-Gatineau,"Ontario part, Ontario/Quebec"
2017,"Ottawa-Gatineau, Ontario part, Ontario/Quebec",2011S050535505,Row structures of three units and over,Two bedroom units,v3823630,106.2.3,1209.0,Ottawa-Gatineau,"Ontario part, Ontario/Quebec"
2017,"Ottawa-Gatineau, Ontario part, Ontario/Quebec",2011S050535505,Row structures of three units and over,Three bedroom units,v3823764,106.2.4,1366.0,Ottawa-Gatineau,"Ontario part, Ontario/Quebec"
2017,"Ottawa-Gatineau, Ontario part, Ontario/Quebec",2011S050535505,Apartment structures of three units and over,Bachelor units,v3823898,106.1.1,836.0,Ottawa-Gatineau,"Ontario part, Ontario/Quebec"
2017,"Ottawa-Gatineau, Ontario part, Ontario/Quebec",2011S050535505,Apartment structures of three units and over,One bedroom units,v3824032,106.1.2,1023.0,Ottawa-Gatineau,"Ontario part, Ontario/Quebec"
2017,"Ottawa-Gatineau, Ontario part, Ontario/Quebec",2011S050535505,Apartment structures of three units and over,Two bedroom units,v3824166,106.1.3,1232.0,Ottawa-Gatineau,"Ontario part, Ontario/Quebec"
2017,"Ottawa-Gatineau, Ontario part, Ontario/Quebec",2011S050535505,Apartment structures of three units and over,Three bedroom units,v3824300,106.1.4,1568.0,Ottawa-Gatineau,"Ontario part, Ontario/Quebec"
2017,"Ottawa-Gatineau, Ontario part, Ontario/Quebec",2011S050535505,Apartment structures of six units and over,Bachelor units,v3824434,106.4.1,838.0,Ottawa-Gatineau,"Ontario part, Ontario/Quebec"
2017,"Ottawa-Gatineau, Ontario part, Ontario/Quebec",2011S050535505,Apartment structures of six units and over,One bedroom units,v3824622,106.4.2,1027.0,Ottawa-Gatineau,"Ontario part, Ontario/Quebec"
2017,"Ottawa-Gatineau, Ontario part, Ontario/Quebec",2011S050535505,Apartment structures of six units and over,Two bedroom units,v3824810,106.4.3,1237.0,Ottawa-Gatineau,"Ontario part, Ontario/Quebec"
2017,"Ottawa-Gatineau, Ontario part, Ontario/Quebec",2011S050535505,Apartment structures of six units and over,Three bedroom units,v3824998,106.4.4,1535.0,Ottawa-Gatineau,"Ontario part, Ontario/Quebec"
2018,"Ottawa-Gatineau, Quebec part, Ontario/Quebec",2011S050524505,Row and apartment structures of three units and over,Bachelor units,v3822825,37.3.1,561.0,Ottawa-Gatineau,"Quebec part, Ontario/Quebec"
2018,"Ottawa-Gatineau, Quebec part, Ontario/Quebec",2011S050524505,Row and apartment structures of three units and over,One bedroom units,v3822959,37.3.2,696.0,Ottawa-Gatineau,"Quebec part, Ontario/Quebec"
2018,"Ottawa-Gatineau, Quebec part, Ontario/Quebec",2011S050524505,Row and apartment structures of three units and over,Two bedroom units,v3823093,37.3.3,794.0,Ottawa-Gatineau,"Quebec part, Ontario/Quebec"
2018,"Ottawa-Gatineau, Quebec part, Ontario/Quebec",2011S050524505,Row and apartment structures of three units and over,Three bedroom units,v3823227,37.3.4,892.0,Ottawa-Gatineau,"Quebec part, Ontario/Quebec"
2018,"Ottawa-Gatineau, Quebec part, Ontario/Quebec",2011S050524505,Row structures of three units and over,Two bedroom units,v3823629,37.2.3,760.0,Ottawa-Gatineau,"Quebec part, Ontario/Quebec"
2018,"Ottawa-Gatineau, Quebec part, Ontario/Quebec",2011S050524505,Row structures of three units and over,Three bedroom units,v3823763,37.2.4,896.0,Ottawa-Gatineau,"Quebec part, Ontario/Quebec"
2018,"Ottawa-Gatineau, Quebec part, Ontario/Quebec",2011S050524505,Apartment structures of three units and over,Bachelor units,v3823897,37.1.1,561.0,Ottawa-Gatineau,"Quebec part, Ontario/Quebec"
2018,"Ottawa-Gatineau, Quebec part, Ontario/Quebec",2011S050524505,Apartment structures of three units and over,One bedroom units,v3824031,37.1.2,696.0,Ottawa-Gatineau,"Quebec part, Ontario/Quebec"
2018,"Ottawa-Gatineau, Quebec part, Ontario/Quebec",2011S050524505,Apartment structures of three units and over,Two bedroom units,v3824165,37.1.3,794.0,Ottawa-Gatineau,"Quebec part, Ontario/Quebec"
2018,"Ottawa-Gatineau, Quebec part, Ontario/Quebec",2011S050524505,Apartment structures of three units and over,Three bedroom units,v3824299,37.1.4,891.0,Ottawa-Gatineau,"Quebec part, Ontario/Quebec"
2018,"Ottawa-Gatineau, Quebec part, Ontario/Quebec",2011S050524505,Apartment structures of six units and over,Bachelor units,v3824433,37.4.1,569.0,Ottawa-Gatineau,"Quebec part, Ontario/Quebec"
2018,"Ottawa-Gatineau, Quebec part, Ontario/Quebec",2011S050524505,Apartment structures of six units and over,One bedroom units,v3824621,37.4.2,727.0,Ottawa-Gatineau,"Quebec part, Ontario/Quebec"
2018,"Ottawa-Gatineau, Quebec part, Ontario/Quebec",2011S050524505,Apartment structures of six units and over,Two bedroom units,v3824809,37.4.3,809.0,Ottawa-Gatineau,"Quebec part, Ontario/Quebec"
2018,"Ottawa-Gatineau, Quebec part, Ontario/Quebec",2011S050524505,Apartment structures of six units and over,Three bedroom units,v3824997,37.4.4,880.0,Ottawa-Gatineau,"Quebec part, Ontario/Quebec"
2018,"Ottawa-Gatineau, Ontario/Quebec",2011S0503505,Row and apartment structures of three units and over,Bachelor units,v3822824,105.3.1,825.0,Ottawa-Gatineau,Ontario/Quebec
2018,"Ottawa-Gatineau, Ontario/Quebec",2011S0503505,Row and apartment structures of three units and over,One bedroom units,v3822958,105.3.2,1025.0,Ottawa-Gatineau,Ontario/Quebec
2018,"Ottawa-Gatineau, Ontario/Quebec",2011S0503505,Row and apartment structures of three units and over,Two bedroom units,v3823092,105.3.3,1138.0,Ottawa-Gatineau,Ontario/Quebec
2018,"Ottawa-Gatineau, Ontario/Quebec",2011S0503505,Row and apartment structures of three units and over,Three bedroom units,v3823226,105.3.4,1302.0,Ottawa-Gatineau,Ontario/Quebec
2018,"Ottawa-Gatineau, Ontario/Quebec",2011S0503505,Row structures of three units and over,One bedroom units,v3823494,105.2.2,904.0,Ottawa-Gatineau,Ontario/Quebec
2018,"Ottawa-Gatineau, Ontario/Quebec",2011S0503505,Row structures of three units and over,Two bedroom units,v3823628,105.2.3,1225.0,Ottawa-Gatineau,Ontario/Quebec
2018,"Ottawa-Gatineau, Ontario/Quebec",2011S0503505,Row structures of three units and over,Three bedroom units,v3823762,105.2.4,1401.0,Ottawa-Gatineau,Ontario/Quebec
2018,"Ottawa-Gatineau, Ontario/Quebec",2011S0503505,Apartment structures of three units and over,Bachelor units,v3823896,105.1.1,825.0,Ottawa-Gatineau,Ontario/Quebec
2018,"Ottawa-Gatineau, Ontario/Quebec",2011S0503505,Apartment structures of three units and over,One bedroom units,v3824030,105.1.2,1025.0,Ottawa-Gatineau,Ontario/Quebec
2018,"Ottawa-Gatineau, Ontario/Quebec",2011S0503505,Apartment structures of three units and over,Two bedroom units,v3824164,105.1.3,1133.0,Ottawa-Gatineau,Ontario/Quebec
2018,"Ottawa-Gatineau, Ontario/Quebec",2011S0503505,Apartment structures of three units and over,Three bedroom units,v3824298,105.1.4,1203.0,Ottawa-Gatineau,Ontario/Quebec
2018,"Ottawa-Gatineau, Ontario/Quebec",2011S0503505,Apartment structures of six units and over,Bachelor units,v3824432,105.4.1,839.0,Ottawa-Gatineau,Ontario/Quebec
2018,"Ottawa-Gatineau, Ontario/Quebec",2011S0503505,Apartment structures of six units and over,One bedroom units,v3824620,105.4.2,1045.0,Ottawa-Gatineau,Ontario/Quebec
2018,"Ottawa-Gatineau, Ontario/Quebec",2011S0503505,Apartment structures of six units and over,Two bedroom units,v3824808,105.4.3,1165.0,Ottawa-Gatineau,Ontario/Quebec
2018,"Ottawa-Gatineau, Ontario/Quebec",2011S0503505,Apartment structures of six units and over,Three bedroom units,v3824996,105.4.4,1253.0,Ottawa-Gatineau,Ontario/Quebec
2018,"Ottawa-Gatineau, Ontario part, Ontario/Quebec",2011S050535505,Row and apartment structures of three units and over,Bachelor units,v3822826,106.3.1,881.0,Ottawa-Gatineau,"Ontario part, Ontario/Quebec"
2018,"Ottawa-Gatineau, Ontario part, Ontario/Quebec",2011S050535505,Row and apartment structures of three units and over,One bedroom units,v3822960,106.3.2,1088.0,Ottawa-Gatineau,"Ontario part, Ontario/Quebec"
2018,"Ottawa-Gatineau, Ontario part, Ontario/Quebec",2011S050535505,Row and apartment structures of three units and over,Two bedroom units,v3823094,106.3.3,1297.0,Ottawa-Gatineau,"Ontario part, Ontario/Quebec"
2018,"Ottawa-Gatineau, Ontario part, Ontario/Quebec",2011S050535505,Row and apartment structures of three units and over,Three bedroom units,v3823228,106.3.4,1468.0,Ottawa-Gatineau,"Ontario part, Ontario/Quebec"
2018,"Ottawa-Gatineau, Ontario part, Ontario/Quebec",2011S050535505,Row structures of three units and over,One bedroom units,v3823496,106.2.2,906.0,Ottawa-Gatineau,"Ontario part, Ontario/Quebec"
2018,"Ottawa-Gatineau, Ontario part, Ontario/Quebec",2011S050535505,Row structures of three units and over,Two bedroom units,v3823630,106.2.3,1250.0,Ottawa-Gatineau,"Ontario part, Ontario/Quebec"
2018,"Ottawa-Gatineau, Ontario part, Ontario/Quebec",2011S050535505,Row structures of three units and over,Three bedroom units,v3823764,106.2.4,1414.0,Ottawa-Gatineau,"Ontario part, Ontario/Quebec"
2018,"Ottawa-Gatineau, Ontario part, Ontario/Quebec",2011S050535505,Apartment structures of three units and over,Bachelor units,v3823898,106.1.1,881.0,Ottawa-Gatineau,"Ontario part, Ontario/Quebec"
2018,"Ottawa-Gatineau, Ontario part, Ontario/Quebec",2011S050535505,Apartment structures of three units and over,One bedroom units,v3824032,106.1.2,1088.0,Ottawa-Gatineau,"Ontario part, Ontario/Quebec"
2018,"Ottawa-Gatineau, Ontario part, Ontario/Quebec",2011S050535505,Apartment structures of three units and over,Two bedroom units,v3824166,106.1.3,1301.0,Ottawa-Gatineau,"Ontario part, Ontario/Quebec"
2018,"Ottawa-Gatineau, Ontario part, Ontario/Quebec",2011S050535505,Apartment structures of three units and over,Three bedroom units,v3824300,106.1.4,1584.0,Ottawa-Gatineau,"Ontario part, Ontario/Quebec"
2018,"Ottawa-Gatineau, Ontario part, Ontario/Quebec",2011S050535505,Apartment structures of six units and over,Bachelor units,v3824434,106.4.1,887.0,Ottawa-Gatineau,"Ontario part, Ontario/Quebec"
2018,"Ottawa-Gatineau, Ontario part, Ontario/Quebec",2011S050535505,Apartment structures of six units and over,One bedroom units,v3824622,106.4.2,1096.0,Ottawa-Gatineau,"Ontario part, Ontario/Quebec"
2018,"Ottawa-Gatineau, Ontario part, Ontario/Quebec",2011S050535505,Apartment structures of six units and over,Two bedroom units,v3824810,106.4.3,1303.0,Ottawa-Gatineau,"Ontario part, Ontario/Quebec"
2018,"Ottawa-Gatineau, Ontario part, Ontario/Quebec",2011S050535505,Apartment structures of six units and over,Three bedroom units,v3824998,106.4.4,1568.0,Ottawa-Gatineau,"Ontario part, Ontario/Quebec"
2019,"Ottawa-Gatineau, Quebec part, Ontario/Quebec",2011S050524505,Row and apartment structures of three units and over,Bachelor units,v3822825,37.3.1,623.0,Ottawa-Gatineau,"Quebec part, Ontario/Quebec"
2019,"Ottawa-Gatineau, Quebec part, Ontario/Quebec",2011S050524505,Row and apartment structures of three units and over,One bedroom units,v3822959,37.3.2,749.0,Ottawa-Gatineau,"Quebec part, Ontario/Quebec"
2019,"Ottawa-Gatineau, Quebec part, Ontario/Quebec",2011S050524505,Row and apartment structures of three units and over,Two bedroom units,v3823093,37.3.3,874.0,Ottawa-Gatineau,"Quebec part, Ontario/Quebec"
2019,"Ottawa-Gatineau, Quebec part, Ontario/Quebec",2011S050524505,Row and apartment structures of three units and over,Three bedroom units,v3823227,37.3.4,969.0,Ottawa-Gatineau,"Quebec part, Ontario/Quebec"
2019,"Ottawa-Gatineau, Quebec part, Ontario/Quebec",2011S050524505,Row structures of three units and over,Three bedroom units,v3823763,37.2.4,1114.0,Ottawa-Gatineau,"Quebec part, Ontario/Quebec"
2019,"Ottawa-Gatineau, Quebec part, Ontario/Quebec",2011S050524505,Apartment structures of three units and over,Bachelor units,v3823897,37.1.1,623.0,Ottawa-Gatineau,"Quebec part, Ontario/Quebec"
2019,"Ottawa-Gatineau, Quebec part, Ontario/Quebec",2011S050524505,Apartment structures of three units and over,One bedroom units,v3824031,37.1.2,750.0,Ottawa-Gatineau,"Quebec part, Ontario/Quebec"
2019,"Ottawa-Gatineau, Quebec part, Ontario/Quebec",2011S050524505,Apartment structures of three units and over,Two bedroom units,v3824165,37.1.3,874.0,Ottawa-Gatineau,"Quebec part, Ontario/Quebec"
2019,"Ottawa-Gatineau, Quebec part, Ontario/Quebec",2011S050524505,Apartment structures of three units and over,Three bedroom units,v3824299,37.1.4,961.0,Ottawa-Gatineau,"Quebec part, Ontario/Quebec"
2019,"Ottawa-Gatineau, Quebec part, Ontario/Quebec",2011S050524505,Apartment structures of six units and over,Bachelor units,v3824433,37.4.1,654.0,Ottawa-Gatineau,"Quebec part, Ontario/Quebec"
2019,"Ottawa-Gatineau, Quebec part, Ontario/Quebec",2011S050524505,Apartment structures of six units and over,One bedroom units,v3824621,37.4.2,781.0,Ottawa-Gatineau,"Quebec part, Ontario/Quebec"
2019,"Ottawa-Gatineau, Quebec part, Ontario/Quebec",2011S050524505,Apartment structures of six units and over,Two bedroom units,v3824809,37.4.3,879.0,Ottawa-Gatineau,"Quebec part, Ontario/Quebec"
2019,"Ottawa-Gatineau, Quebec part, Ontario/Quebec",2011S050524505,Apartment structures of six units and over,Three bedroom units,v3824997,37.4.4,978.0,Ottawa-Gatineau,"Quebec part, Ontario/Quebec"
2019,"Ottawa-Gatineau, Ontario/Quebec",2011S0503505,Row and apartment structures of three units and over,Bachelor units,v3822824,105.3.1,879.0,Ottawa-Gatineau,Ontario/Quebec
2019,"Ottawa-Gatineau, Ontario/Quebec",2011S0503505,Row and apartment structures of three units and over,One bedroom units,v3822958,105.3.2,1109.0,Ottawa-Gatineau,Ontario/Quebec
2019,"Ottawa-Gatineau, Ontario/Quebec",2011S0503505,Row and apartment structures of three units and over,Two bedroom units,v3823092,105.3.3,1244.0,Ottawa-Gatineau,Ontario/Quebec
2019,"Ottawa-Gatineau, Ontario/Quebec",2011S0503505,Row and apartment structures of three units and over,Three bedroom units,v3823226,105.3.4,1401.0,Ottawa-Gatineau,Ontario/Quebec
2019,"Ottawa-Gatineau, Ontario/Quebec",2011S0503505,Row structures of three units and over,One bedroom units,v3823494,105.2.2,1076.0,Ottawa-Gatineau,Ontario/Quebec
2019,"Ottawa-Gatineau, Ontario/Quebec",2011S0503505,Row structures of three units and over,Two bedroom units,v3823628,105.2.3,1390.0,Ottawa-Gatineau,Ontario/Quebec
2019,"Ottawa-Gatineau, Ontario/Quebec",2011S0503505,Row structures of three units and over,Three bedroom units,v3823762,105.2.4,1513.0,Ottawa-Gatineau,Ontario/Quebec
2019,"Ottawa-Gatineau, Ontario/Quebec",2011S0503505,Apartment structures of three units and over,Bachelor units,v3823896,105.1.1,879.0,Ottawa-Gatineau,Ontario/Quebec
2019,"Ottawa-Gatineau, Ontario/Quebec",2011S0503505,Apartment structures of three units and over,One bedroom units,v3824030,105.1.2,1109.0,Ottawa-Gatineau,Ontario/Quebec
2019,"Ottawa-Gatineau, Ontario/Quebec",2011S0503505,Apartment structures of three units and over,Two bedroom units,v3824164,105.1.3,1236.0,Ottawa-Gatineau,Ontario/Quebec
2019,"Ottawa-Gatineau, Ontario/Quebec",2011S0503505,Apartment structures of three units and over,Three bedroom units,v3824298,105.1.4,1304.0,Ottawa-Gatineau,Ontario/Quebec
2019,"Ottawa-Gatineau, Ontario/Quebec",2011S0503505,Apartment structures of six units and over,Bachelor units,v3824432,105.4.1,899.0,Ottawa-Gatineau,Ontario/Quebec
2019,"Ottawa-Gatineau, Ontario/Quebec",2011S0503505,Apartment structures of six units and over,One bedroom units,v3824620,105.4.2,1130.0,Ottawa-Gatineau,Ontario/Quebec
2019,"Ottawa-Gatineau, Ontario/Quebec",2011S0503505,Apartment structures of six units and over,Two bedroom units,v3824808,105.4.3,1266.0,Ottawa-Gatineau,Ontario/Quebec
2019,"Ottawa-Gatineau, Ontario/Quebec",2011S0503505,Apartment structures of six units and over,Three bedroom units,v3824996,105.4.4,1342.0,Ottawa-Gatineau,Ontario/Quebec
2019,"Ottawa-Gatineau, Ontario part, Ontario/Quebec",2011S050535505,Row and apartment structures of three units and over,Bachelor units,v3822826,106.3.1,933.0,Ottawa-Gatineau,"Ontario part, Ontario/Quebec"
2019,"Ottawa-Gatineau, Ontario part, Ontario/Quebec",2011S050535505,Row and apartment structures of three units and over,One bedroom units,v3822960,106.3.2,1178.0,Ottawa-Gatineau,"Ontario part, Ontario/Quebec"
2019,"Ottawa-Gatineau, Ontario part, Ontario/Quebec",2011S050535505,Row and apartment structures of three units and over,Two bedroom units,v3823094,106.3.3,1409.0,Ottawa-Gatineau,"Ontario part, Ontario/Quebec"
2019,"Ottawa-Gatineau, Ontario part, Ontario/Quebec",2011S050535505,Row and apartment structures of three units and over,Three bedroom units,v3823228,106.3.4,1624.0,Ottawa-Gatineau,"Ontario part, Ontario/Quebec"
2019,"Ottawa-Gatineau, Ontario part, Ontario/Quebec",2011S050535505,Row structures of three units and over,One bedroom units,v3823496,106.2.2,1093.0,Ottawa-Gatineau,"Ontario part, Ontario/Quebec"
2019,"Ottawa-Gatineau, Ontario part, Ontario/Quebec",2011S050535505,Row structures of three units and over,Two bedroom units,v3823630,106.2.3,1396.0,Ottawa-Gatineau,"Ontario part, Ontario/Quebec"
2019,"Ottawa-Gatineau, Ontario part, Ontario/Quebec",2011S050535505,Row structures of three units and over,Three bedroom units,v3823764,106.2.4,1530.0,Ottawa-Gatineau,"Ontario part, Ontario/Quebec"
2019,"Ottawa-Gatineau, Ontario part, Ontario/Quebec",2011S050535505,Apartment structures of three units and over,Bachelor units,v3823898,106.1.1,933.0,Ottawa-Gatineau,"Ontario part, Ontario/Quebec"
2019,"Ottawa-Gatineau, Ontario part, Ontario/Quebec",2011S050535505,Apartment structures of three units and over,One bedroom units,v3824032,106.1.2,1178.0,Ottawa-Gatineau,"Ontario part, Ontario/Quebec"
2019,"Ottawa-Gatineau, Ontario part, Ontario/Quebec",2011S050535505,Apartment structures of three units and over,Two bedroom units,v3824166,106.1.3,1410.0,Ottawa-Gatineau,"Ontario part, Ontario/Quebec"
2019,"Ottawa-Gatineau, Ontario part, Ontario/Quebec",2011S050535505,Apartment structures of three units and over,Three bedroom units,v3824300,106.1.4,1819.0,Ottawa-Gatineau,"Ontario part, Ontario/Quebec"
2019,"Ottawa-Gatineau, Ontario part, Ontario/Quebec",2011S050535505,Apartment structures of six units and over,Bachelor units,v3824434,106.4.1,941.0,Ottawa-Gatineau,"Ontario part, Ontario/Quebec"
2019,"Ottawa-Gatineau, Ontario part, Ontario/Quebec",2011S050535505,Apartment structures of six units and over,One bedroom units,v3824622,106.4.2,1185.0,Ottawa-Gatineau,"Ontario part, Ontario/Quebec"
2019,"Ottawa-Gatineau, Ontario part, Ontario/Quebec",2011S050535505,Apartment structures of six units and over,Two bedroom units,v3824810,106.4.3,1413.0,Ottawa-Gatineau,"Ontario part, Ontario/Quebec"
2019,"Ottawa-Gatineau, Ontario part, Ontario/Quebec",2011S050535505,Apartment structures of six units and over,Three bedroom units,v3824998,106.4.4,1765.0,Ottawa-Gatineau,"Ontario part, Ontario/Quebec"
2020,"Ottawa-Gatineau, Quebec part, Ontario/Quebec",2011S050524505,Row and apartment structures of three units and over,Bachelor units,v3822825,37.3.1,631.0,Ottawa-Gatineau,"Quebec part, Ontario/Quebec"
2020,"Ottawa-Gatineau, Quebec part, Ontario/Quebec",2011S050524505,Row and apartment structures of three units and over,One bedroom units,v3822959,37.3.2,791.0,Ottawa-Gatineau,"Quebec part, Ontario/Quebec"
2020,"Ottawa-Gatineau, Quebec part, Ontario/Quebec",2011S050524505,Row and apartment structures of three units and over,Two bedroom units,v3823093,37.3.3,949.0,Ottawa-Gatineau,"Quebec part, Ontario/Quebec"
2020,"Ottawa-Gatineau, Quebec part, Ontario/Quebec",2011S050524505,Row and apartment structures of three units and over,Three bedroom units,v3823227,37.3.4,1036.0,Ottawa-Gatineau,"Quebec part, Ontario/Quebec"
2020,"Ottawa-Gatineau, Quebec part, Ontario/Quebec",2011S050524505,Row structures of three units and over,Two bedroom units,v3823629,37.2.3,754.0,Ottawa-Gatineau,"Quebec part, Ontario/Quebec"
2020,"Ottawa-Gatineau, Quebec part, Ontario/Quebec",2011S050524505,Row structures of three units and over,Three bedroom units,v3823763,37.2.4,1046.0,Ottawa-Gatineau,"Quebec part, Ontario/Quebec"
2020,"Ottawa-Gatineau, Quebec part, Ontario/Quebec",2011S050524505,Apartment structures of three units and over,Bachelor units,v3823897,37.1.1,631.0,Ottawa-Gatineau,"Quebec part, Ontario/Quebec"
2020,"Ottawa-Gatineau, Quebec part, Ontario/Quebec",2011S050524505,Apartment structures of three units and over,One bedroom units,v3824031,37.1.2,791.0,Ottawa-Gatineau,"Quebec part, Ontario/Quebec"
2020,"Ottawa-Gatineau, Quebec part, Ontario/Quebec",2011S050524505,Apartment structures of three units and over,Two bedroom units,v3824165,37.1.3,950.0,Ottawa-Gatineau,"Quebec part, Ontario/Quebec"
2020,"Ottawa-Gatineau, Quebec part, Ontario/Quebec",2011S050524505,Apartment structures of three units and over,Three bedroom units,v3824299,37.1.4,1035.0,Ottawa-Gatineau,"Quebec part, Ontario/Quebec"
2020,"Ottawa-Gatineau, Quebec part, Ontario/Quebec",2011S050524505,Apartment structures of six units and over,Bachelor units,v3824433,37.4.1,633.0,Ottawa-Gatineau,"Quebec part, Ontario/Quebec"
2020,"Ottawa-Gatineau, Quebec part, Ontario/Quebec",2011S050524505,Apartment structures of six units and over,One bedroom units,v3824621,37.4.2,828.0,Ottawa-Gatineau,"Quebec part, Ontario/Quebec"
2020,"Ottawa-Gatineau, Quebec part, Ontario/Quebec",2011S050524505,Apartment structures of six units and over,Two bedroom units,v3824809,37.4.3,970.0,Ottawa-Gatineau,"Quebec part, Ontario/Quebec"
2020,"Ottawa-Gatineau, Quebec part, Ontario/Quebec",2011S050524505,Apartment structures of six units and over,Three bedroom units,v3824997,37.4.4,1070.0,Ottawa-Gatineau,"Quebec part, Ontario/Quebec"
2020,"Ottawa-Gatineau, Ontario/Quebec",2011S0503505,Row and apartment structures of three units and over,Bachelor units,v3822824,105.3.1,946.0,Ottawa-Gatineau,Ontario/Quebec
2020,"Ottawa-Gatineau, Ontario/Quebec",2011S0503505,Row and apartment structures of three units and over,One bedroom units,v3822958,105.3.2,1165.0,Ottawa-Gatineau,Ontario/Quebec
2020,"Ottawa-Gatineau, Ontario/Quebec",2011S0503505,Row and apartment structures of three units and over,Two bedroom units,v3823092,105.3.3,1315.0,Ottawa-Gatineau,Ontario/Quebec
2020,"Ottawa-Gatineau, Ontario/Quebec",2011S0503505,Row and apartment structures of three units and over,Three bedroom units,v3823226,105.3.4,1519.0,Ottawa-Gatineau,Ontario/Quebec
2020,"Ottawa-Gatineau, Ontario/Quebec",2011S0503505,Row structures of three units and over,One bedroom units,v3823494,105.2.2,1124.0,Ottawa-Gatineau,Ontario/Quebec
2020,"Ottawa-Gatineau, Ontario/Quebec",2011S0503505,Row structures of three units and over,Two bedroom units,v3823628,105.2.3,1421.0,Ottawa-Gatineau,Ontario/Quebec
2020,"Ottawa-Gatineau, Ontario/Quebec",2011S0503505,Row structures of three units and over,Three bedroom units,v3823762,105.2.4,1597.0,Ottawa-Gatineau,Ontario/Quebec
2020,"Ottawa-Gatineau, Ontario/Quebec",2011S0503505,Apartment structures of three units and over,Bachelor units,v3823896,105.1.1,945.0,Ottawa-Gatineau,Ontario/Quebec
2020,"Ottawa-Gatineau, Ontario/Quebec",2011S0503505,Apartment structures of three units and over,One bedroom units,v3824030,105.1.2,1165.0,Ottawa-Gatineau,Ontario/Quebec
2020,"Ottawa-Gatineau, Ontario/Quebec",2011S0503505,Apartment structures of three units and over,Two bedroom units,v3824164,105.1.3,1310.0,Ottawa-Gatineau,Ontario/Quebec
2020,"Ottawa-Gatineau, Ontario/Quebec",2011S0503505,Apartment structures of three units and over,Three bedroom units,v3824298,105.1.4,1451.0,Ottawa-Gatineau,Ontario/Quebec
2020,"Ottawa-Gatineau, Ontario/Quebec",2011S0503505,Apartment structures of six units and over,Bachelor units,v3824432,105.4.1,955.0,Ottawa-Gatineau,Ontario/Quebec
2020,"Ottawa-Gatineau, Ontario/Quebec",2011S0503505,Apartment structures of six units and over,One bedroom units,v3824620,105.4.2,1188.0,Ottawa-Gatineau,Ontario/Quebec
2020,"Ottawa-Gatineau, Ontario/Quebec",2011S0503505,Apartment structures of six units and over,Two bedroom units,v3824808,105.4.3,1344.0,Ottawa-Gatineau,Ontario/Quebec
2020,"Ottawa-Gatineau, Ontario/Quebec",2011S0503505,Apartment structures of six units and over,Three bedroom units,v3824996,105.4.4,1446.0,Ottawa-Gatineau,Ontario/Quebec
2020,"Ottawa-Gatineau, Ontario part, Ontario/Quebec",2011S050535505,Row and apartment structures of three units and over,Bachelor units,v3822826,106.3.1,1001.0,Ottawa-Gatineau,"Ontario part, Ontario/Quebec"
2020,"Ottawa-Gatineau, Ontario part, Ontario/Quebec",2011S050535505,Row and apartment structures of three units and over,One bedroom units,v3822960,106.3.2,1243.0,Ottawa-Gatineau,"Ontario part, Ontario/Quebec"
2020,"Ottawa-Gatineau, Ontario part, Ontario/Quebec",2011S050535505,Row and apartment structures of three units and over,Two bedroom units,v3823094,106.3.3,1513.0,Ottawa-Gatineau,"Ontario part, Ontario/Quebec"
2020,"Ottawa-Gatineau, Ontario part, Ontario/Quebec",2011S050535505,Row and apartment structures of three units and over,Three bedroom units,v3823228,106.3.4,1703.0,Ottawa-Gatineau,"Ontario part, Ontario/Quebec"
2020,"Ottawa-Gatineau, Ontario part, Ontario/Quebec",2011S050535505,Row structures of three units and over,One bedroom units,v3823496,106.2.2,1124.0,Ottawa-Gatineau,"Ontario part, Ontario/Quebec"
2020,"Ottawa-Gatineau, Ontario part, Ontario/Quebec",2011S050535505,Row structures of three units and over,Two bedroom units,v3823630,106.2.3,1452.0,Ottawa-Gatineau,"Ontario part, Ontario/Quebec"
2020,"Ottawa-Gatineau, Ontario part, Ontario/Quebec",2011S050535505,Row structures of three units and over,Three bedroom units,v3823764,106.2.4,1614.0,Ottawa-Gatineau,"Ontario part, Ontario/Quebec"
2020,"Ottawa-Gatineau, Ontario part, Ontario/Quebec",2011S050535505,Apartment structures of three units and over,Bachelor units,v3823898,106.1.1,1000.0,Ottawa-Gatineau,"Ontario part, Ontario/Quebec"
2020,"Ottawa-Gatineau, Ontario part, Ontario/Quebec",2011S050535505,Apartment structures of three units and over,One bedroom units,v3824032,106.1.2,1244.0,Ottawa-Gatineau,"Ontario part, Ontario/Quebec"
2020,"Ottawa-Gatineau, Ontario part, Ontario/Quebec",2011S050535505,Apartment structures of three units and over,Two bedroom units,v3824166,106.1.3,1517.0,Ottawa-Gatineau,"Ontario part, Ontario/Quebec"
2020,"Ottawa-Gatineau, Ontario part, Ontario/Quebec",2011S050535505,Apartment structures of three units and over,Three bedroom units,v3824300,106.1.4,1851.0,Ottawa-Gatineau,"Ontario part, Ontario/Quebec"
2020,"Ottawa-Gatineau, Ontario part, Ontario/Quebec",2011S050535505,Apartment structures of six units and over,Bachelor units,v3824434,106.4.1,1004.0,Ottawa-Gatineau,"Ontario part, Ontario/Quebec"
2020,"Ottawa-Gatineau, Ontario part, Ontario/Quebec",2011S050535505,Apartment structures of six units and over,One bedroom units,v3824622,106.4.2,1249.0,Ottawa-Gatineau,"Ontario part, Ontario/Quebec"
2020,"Ottawa-Gatineau, Ontario part, Ontario/Quebec",2011S050535505,Apartment structures of six units and over,Two bedroom units,v3824810,106.4.3,1521.0,Ottawa-Gatineau,"Ontario part, Ontario/Quebec"
2020,"Ottawa-Gatineau, Ontario part, Ontario/Quebec",2011S050535505,Apartment structures of six units and over,Three bedroom units,v3824998,106.4.4,1742.0,Ottawa-Gatineau,"Ontario part, Ontario/Quebec"
2021,"Ottawa-Gatineau, Quebec part, Ontario/Quebec",2011S050524505,Row and apartment structures of three units and over,Bachelor units,v3822825,37.3.1,652.0,Ottawa-Gatineau,"Quebec part, Ontario/Quebec"
2021,"Ottawa-Gatineau, Quebec part, Ontario/Quebec",2011S050524505,Row and apartment structures of three units and over,One bedroom units,v3822959,37.3.2,857.0,Ottawa-Gatineau,"Quebec part, Ontario/Quebec"
2021,"Ottawa-Gatineau, Quebec part, Ontario/Quebec",2011S050524505,Row and apartment structures of three units and over,Two bedroom units,v3823093,37.3.3,1034.0,Ottawa-Gatineau,"Quebec part, Ontario/Quebec"
2021,"Ottawa-Gatineau, Quebec part, Ontario/Quebec",2011S050524505,Row and apartment structures of three units and over,Three bedroom units,v3823227,37.3.4,1087.0,Ottawa-Gatineau,"Quebec part, Ontario/Quebec"
2021,"Ottawa-Gatineau, Quebec part, Ontario/Quebec",2011S050524505,Row structures of three units and over,Two bedroom units,v3823629,37.2.3,885.0,Ottawa-Gatineau,"Quebec part, Ontario/Quebec"
2021,"Ottawa-Gatineau, Quebec part, Ontario/Quebec",2011S050524505,Row structures of three units and over,Three bedroom units,v3823763,37.2.4,1062.0,Ottawa-Gatineau,"Quebec part, Ontario/Quebec"
2021,"Ottawa-Gatineau, Quebec part, Ontario/Quebec",2011S050524505,Apartment structures of three units and over,Bachelor units,v3823897,37.1.1,652.0,Ottawa-Gatineau,"Quebec part, Ontario/Quebec"
2021,"Ottawa-Gatineau, Quebec part, Ontario/Quebec",2011S050524505,Apartment structures of three units and over,One bedroom units,v3824031,37.1.2,857.0,Ottawa-Gatineau,"Quebec part, Ontario/Quebec"
2021,"Ottawa-Gatineau, Quebec part, Ontario/Quebec",2011S050524505,Apartment structures of three units and over,Two bedroom units,v3824165,37.1.3,1035.0,Ottawa-Gatineau,"Quebec part, Ontario/Quebec"
2021,"Ottawa-Gatineau, Quebec part, Ontario/Quebec",2011S050524505,Apartment structures of three units and over,Three bedroom units,v3824299,37.1.4,1087.0,Ottawa-Gatineau,"Quebec part, Ontario/Quebec"
2021,"Ottawa-Gatineau, Quebec part, Ontario/Quebec",2011S050524505,Apartment structures of six units and over,Bachelor units,v3824433,37.4.1,676.0,Ottawa-Gatineau,"Quebec part, Ontario/Quebec"
2021,"Ottawa-Gatineau, Quebec part, Ontario/Quebec",2011S050524505,Apartment structures of six units and over,One bedroom units,v3824621,37.4.2,888.0,Ottawa-Gatineau,"Quebec part, Ontario/Quebec"
2021,"Ottawa-Gatineau, Quebec part, Ontario/Quebec",2011S050524505,Apartment structures of six units and over,Two bedroom units,v3824809,37.4.3,1058.0,Ottawa-Gatineau,"Quebec part, Ontario/Quebec"
2021,"Ottawa-Gatineau, Quebec part, Ontario/Quebec",2011S050524505,Apartment structures of six units and over,Three bedroom units,v3824997,37.4.4,1158.0,Ottawa-Gatineau,"Quebec part, Ontario/Quebec"
2021,"Ottawa-Gatineau, Ontario/Quebec",2011S0503505,Row and apartment structures of three units and over,Bachelor units,v3822824,105.3.1,1007.0,Ottawa-Gatineau,Ontario/Quebec
2021,"Ottawa-Gatineau, Ontario/Quebec",2011S0503505,Row and apartment structures of three units and over,One bedroom units,v3822958,105.3.2,1204.0,Ottawa-Gatineau,Ontario/Quebec
2021,"Ottawa-Gatineau, Ontario/Quebec",2011S0503505,Row and apartment structures of three units and over,Two bedroom units,v3823092,105.3.3,1379.0,Ottawa-Gatineau,Ontario/Quebec
2021,"Ottawa-Gatineau, Ontario/Quebec",2011S0503505,Row and apartment structures of three units and over,Three bedroom units,v3823226,105.3.4,1546.0,Ottawa-Gatineau,Ontario/Quebec
2021,"Ottawa-Gatineau, Ontario/Quebec",2011S0503505,Row structures of three units and over,One bedroom units,v3823494,105.2.2,1152.0,Ottawa-Gatineau,Ontario/Quebec
2021,"Ottawa-Gatineau, Ontario/Quebec",2011S0503505,Row structures of three units and over,Two bedroom units,v3823628,105.2.3,1473.0,Ottawa-Gatineau,Ontario/Quebec
2021,"Ottawa-Gatineau, Ontario/Quebec",2011S0503505,Row structures of three units and over,Three bedroom units,v3823762,105.2.4,1709.0,Ottawa-Gatineau,Ontario/Quebec
2021,"Ottawa-Gatineau, Ontario/Quebec",2011S0503505,Apartment structures of three units and over,Bachelor units,v3823896,105.1.1,1005.0,Ottawa-Gatineau,Ontario/Quebec
2021,"Ottawa-Gatineau, Ontario/Quebec",2011S0503505,Apartment structures of three units and over,One bedroom units,v3824030,105.1.2,1204.0,Ottawa-Gatineau,Ontario/Quebec
2021,"Ottawa-Gatineau, Ontario/Quebec",2011S0503505,Apartment structures of three units and over,Two bedroom units,v3824164,105.1.3,1375.0,Ottawa-Gatineau,Ontario/Quebec
2021,"Ottawa-Gatineau, Ontario/Quebec",2011S0503505,Apartment structures of three units and over,Three bedroom units,v3824298,105.1.4,1414.0,Ottawa-Gatineau,Ontario/Quebec
2021,"Ottawa-Gatineau, Ontario/Quebec",2011S0503505,Apartment structures of six units and over,Bachelor units,v3824432,105.4.1,1014.0,Ottawa-Gatineau,Ontario/Quebec
2021,"Ottawa-Gatineau, Ontario/Quebec",2011S0503505,Apartment structures of six units and over,One bedroom units,v3824620,105.4.2,1225.0,Ottawa-Gatineau,Ontario/Quebec
2021,"Ottawa-Gatineau, Ontario/Quebec",2011S0503505,Apartment structures of six units and over,Two bedroom units,v3824808,105.4.3,1408.0,Ottawa-Gatineau,Ontario/Quebec
2021,"Ottawa-Gatineau, Ontario/Quebec",2011S0503505,Apartment structures of six units and over,Three bedroom units,v3824996,105.4.4,1483.0,Ottawa-Gatineau,Ontario/Quebec
2021,"Ottawa-Gatineau, Ontario part, Ontario/Quebec",2011S050535505,Row and apartment structures of three units and over,Bachelor units,v3822826,106.3.1,1061.0,Ottawa-Gatineau,"Ontario part, Ontario/Quebec"
2021,"Ottawa-Gatineau, Ontario part, Ontario/Quebec",2011S050535505,Row and apartment structures of three units and over,One bedroom units,v3822960,106.3.2,1280.0,Ottawa-Gatineau,"Ontario part, Ontario/Quebec"
2021,"Ottawa-Gatineau, Ontario part, Ontario/Quebec",2011S050535505,Row and apartment structures of three units and over,Two bedroom units,v3823094,106.3.3,1547.0,Ottawa-Gatineau,"Ontario part, Ontario/Quebec"
2021,"Ottawa-Gatineau, Ontario part, Ontario/Quebec",2011S050535505,Row and apartment structures of three units and over,Three bedroom units,v3823228,106.3.4,1779.0,Ottawa-Gatineau,"Ontario part, Ontario/Quebec"
2021,"Ottawa-Gatineau, Ontario part, Ontario/Quebec",2011S050535505,Row structures of three units and over,One bedroom units,v3823496,106.2.2,1177.0,Ottawa-Gatineau,"Ontario part, Ontario/Quebec"
2021,"Ottawa-Gatineau, Ontario part, Ontario/Quebec",2011S050535505,Row structures of three units and over,Two bedroom units,v3823630,106.2.3,1503.0,Ottawa-Gatineau,"Ontario part, Ontario/Quebec"
2021,"Ottawa-Gatineau, Ontario part, Ontario/Quebec",2011S050535505,Row structures of three units and over,Three bedroom units,v3823764,106.2.4,1726.0,Ottawa-Gatineau,"Ontario part, Ontario/Quebec"
2021,"Ottawa-Gatineau, Ontario part, Ontario/Quebec",2011S050535505,Apartment structures of three units and over,Bachelor units,v3823898,106.1.1,1059.0,Ottawa-Gatineau,"Ontario part, Ontario/Quebec"
2021,"Ottawa-Gatineau, Ontario part, Ontario/Quebec",2011S050535505,Apartment structures of three units and over,One bedroom units,v3824032,106.1.2,1280.0,Ottawa-Gatineau,"Ontario part, Ontario/Quebec"
2021,"Ottawa-Gatineau, Ontario part, Ontario/Quebec",2011S050535505,Apartment structures of three units and over,Two bedroom units,v3824166,106.1.3,1550.0,Ottawa-Gatineau,"Ontario part, Ontario/Quebec"
2021,"Ottawa-Gatineau, Ontario part, Ontario/Quebec",2011S050535505,Apartment structures of three units and over,Three bedroom units,v3824300,106.1.4,1881.0,Ottawa-Gatineau,"Ontario part, Ontario/Quebec"
2021,"Ottawa-Gatineau, Ontario part, Ontario/Quebec",2011S050535505,Apartment structures of six units and over,Bachelor units,v3824434,106.4.1,1062.0,Ottawa-Gatineau,"Ontario part, Ontario/Quebec"
2021,"Ottawa-Gatineau, Ontario part, Ontario/Quebec",2011S050535505,Apartment structures of six units and over,One bedroom units,v3824622,106.4.2,1286.0,Ottawa-Gatineau,"Ontario part, Ontario/Quebec"
2021,"Ottawa-Gatineau, Ontario part, Ontario/Quebec",2011S050535505,Apartment structures of six units and over,Two bedroom units,v3824810,106.4.3,1556.0,Ottawa-Gatineau,"Ontario part, Ontario/Quebec"
2021,"Ottawa-Gatineau, Ontario part, Ontario/Quebec",2011S050535505,Apartment structures of six units and over,Three bedroom units,v3824998,106.4.4,1853.0,Ottawa-Gatineau,"Ontario part, Ontario/Quebec"
2022,"Ottawa-Gatineau, Quebec part, Ontario/Quebec",2011S050524505,Row and apartment structures of three units and over,Bachelor units,v3822825,37.3.1,783.0,Ottawa-Gatineau,"Quebec part, Ontario/Quebec"
2022,"Ottawa-Gatineau, Quebec part, Ontario/Quebec",2011S050524505,Row and apartment structures of three units and over,One bedroom units,v3822959,37.3.2,957.0,Ottawa-Gatineau,"Quebec part, Ontario/Quebec"
2022,"Ottawa-Gatineau, Quebec part, Ontario/Quebec",2011S050524505,Row and apartment structures of three units and over,Two bedroom units,v3823093,37.3.3,1270.0,Ottawa-Gatineau,"Quebec part, Ontario/Quebec"
2022,"Ottawa-Gatineau, Quebec part, Ontario/Quebec",2011S050524505,Row and apartment structures of three units and over,Three bedroom units,v3823227,37.3.4,1374.0,Ottawa-Gatineau,"Quebec part, Ontario/Quebec"
2022,"Ottawa-Gatineau, Quebec part, Ontario/Quebec",2011S050524505,Row structures of three units and over,Two bedroom units,v3823629,37.2.3,1380.0,Ottawa-Gatineau,"Quebec part, Ontario/Quebec"
2022,"Ottawa-Gatineau, Quebec part, Ontario/Quebec",2011S050524505,Apartment structures of three units and over,Bachelor units,v3823897,37.1.1,783.0,Ottawa-Gatineau,"Quebec part, Ontario/Quebec"
2022,"Ottawa-Gatineau, Quebec part, Ontario/Quebec",2011S050524505,Apartment structures of three units and over,One bedroom units,v3824031,37.1.2,958.0,Ottawa-Gatineau,"Quebec part, Ontario/Quebec"
2022,"Ottawa-Gatineau, Quebec part, Ontario/Quebec",2011S050524505,Apartment structures of three units and over,Two bedroom units,v3824165,37.1.3,1269.0,Ottawa-Gatineau,"Quebec part, Ontario/Quebec"
2022,"Ottawa-Gatineau, Quebec part, Ontario/Quebec",2011S050524505,Apartment structures of three units and over,Three bedroom units,v3824299,37.1.4,1379.0,Ottawa-Gatineau,"Quebec part, Ontario/Quebec"
2022,"Ottawa-Gatineau, Quebec part, Ontario/Quebec",2011S050524505,Apartment structures of six units and over,Bachelor units,v3824433,37.4.1,796.0,Ottawa-Gatineau,"Quebec part, Ontario/Quebec"
2022,"Ottawa-Gatineau, Quebec part, Ontario/Quebec",2011S050524505,Apartment structures of six units and over,One bedroom units,v3824621,37.4.2,1000.0,Ottawa-Gatineau,"Quebec part, Ontario/Quebec"
2022,"Ottawa-Gatineau, Quebec part, Ontario/Quebec",2011S050524505,Apartment structures of six units and over,Two bedroom units,v3824809,37.4.3,1286.0,Ottawa-Gatineau,"Quebec part, Ontario/Quebec"
2022,"Ottawa-Gatineau, Quebec part, Ontario/Quebec",2011S050524505,Apartment structures of six units and over,Three bedroom units,v3824997,37.4.4,1315.0,Ottawa-Gatineau,"Quebec part, Ontario/Quebec"
2022,"Ottawa-Gatineau, Ontario/Quebec",2011S0503505,Row and apartment structures of three units and over,Bachelor units,v3822824,105.3.1,1088.0,Ottawa-Gatineau,Ontario/Quebec
2022,"Ottawa-Gatineau, Ontario/Quebec",2011S0503505,Row and apartment structures of three units and over,One bedroom units,v3822958,105.3.2,1285.0,Ottawa-Gatineau,Ontario/Quebec
2022,"Ottawa-Gatineau, Ontario/Quebec",2011S0503505,Row and apartment structures of three units and over,Two bedroom units,v3823092,105.3.3,1499.0,Ottawa-Gatineau,Ontario/Quebec
2022,"Ottawa-Gatineau, Ontario/Quebec",2011S0503505,Row and apartment structures of three units and over,Three bedroom units,v3823226,105.3.4,1628.0,Ottawa-Gatineau,Ontario/Quebec
2022,"Ottawa-Gatineau, Ontario/Quebec",2011S0503505,Row structures of three units and over,One bedroom units,v3823494,105.2.2,1175.0,Ottawa-Gatineau,Ontario/Quebec
2022,"Ottawa-Gatineau, Ontario/Quebec",2011S0503505,Row structures of three units and over,Two bedroom units,v3823628,105.2.3,1633.0,Ottawa-Gatineau,Ontario/Quebec
2022,"Ottawa-Gatineau, Ontario/Quebec",2011S0503505,Row structures of three units and over,Three bedroom units,v3823762,105.2.4,1669.0,Ottawa-Gatineau,Ontario/Quebec
2022,"Ottawa-Gatineau, Ontario/Quebec",2011S0503505,Apartment structures of three units and over,Bachelor units,v3823896,105.1.1,1088.0,Ottawa-Gatineau,Ontario/Quebec
2022,"Ottawa-Gatineau, Ontario/Quebec",2011S0503505,Apartment structures of three units and over,One bedroom units,v3824030,105.1.2,1285.0,Ottawa-Gatineau,Ontario/Quebec
2022,"Ottawa-Gatineau, Ontario/Quebec",2011S0503505,Apartment structures of three units and over,Two bedroom units,v3824164,105.1.3,1494.0,Ottawa-Gatineau,Ontario/Quebec
2022,"Ottawa-Gatineau, Ontario/Quebec",2011S0503505,Apartment structures of three units and over,Three bedroom units,v3824298,105.1.4,1597.0,Ottawa-Gatineau,Ontario/Quebec
2022,"Ottawa-Gatineau, Ontario/Quebec",2011S0503505,Apartment structures of six units and over,Bachelor units,v3824432,105.4.1,1099.0,Ottawa-Gatineau,Ontario/Quebec
2022,"Ottawa-Gatineau, Ontario/Quebec",2011S0503505,Apartment structures of six units and over,One bedroom units,v3824620,105.4.2,1307.0,Ottawa-Gatineau,Ontario/Quebec
2022,"Ottawa-Gatineau, Ontario/Quebec",2011S0503505,Apartment structures of six units and over,Two bedroom units,v3824808,105.4.3,1515.0,Ottawa-Gatineau,Ontario/Quebec
2022,"Ottawa-Gatineau, Ontario/Quebec",2011S0503505,Apartment structures of six units and over,Three bedroom units,v3824996,105.4.4,1583.0,Ottawa-Gatineau,Ontario/Quebec
2022,"Ottawa-Gatineau, Ontario part, Ontario/Quebec",2011S050535505,Row and apartment structures of three units and over,Bachelor units,v3822826,106.3.1,1121.0,Ottawa-Gatineau,"Ontario part, Ontario/Quebec"
2022,"Ottawa-Gatineau, Ontario part, Ontario/Quebec",2011S050535505,Row and apartment structures of three units and over,One bedroom units,v3822960,106.3.2,1347.0,Ottawa-Gatineau,"Ontario part, Ontario/Quebec"
2022,"Ottawa-Gatineau, Ontario part, Ontario/Quebec",2011S050535505,Row and apartment structures of three units and over,Two bedroom units,v3823094,106.3.3,1627.0,Ottawa-Gatineau,"Ontario part, Ontario/Quebec"
2022,"Ottawa-Gatineau, Ontario part, Ontario/Quebec",2011S050535505,Row and apartment structures of three units and over,Three bedroom units,v3823228,106.3.4,1769.0,Ottawa-Gatineau,"Ontario part, Ontario/Quebec"
2022,"Ottawa-Gatineau, Ontario part, Ontario/Quebec",2011S050535505,Row structures of three units and over,One bedroom units,v3823496,106.2.2,1202.0,Ottawa-Gatineau,"Ontario part, Ontario/Quebec"
2022,"Ottawa-Gatineau, Ontario part, Ontario/Quebec",2011S050535505,Row structures of three units and over,Two bedroom units,v3823630,106.2.3,1658.0,Ottawa-Gatineau,"Ontario part, Ontario/Quebec"
2022,"Ottawa-Gatineau, Ontario part, Ontario/Quebec",2011S050535505,Row structures of three units and over,Three bedroom units,v3823764,106.2.4,1678.0,Ottawa-Gatineau,"Ontario part, Ontario/Quebec"
2022,"Ottawa-Gatineau, Ontario part, Ontario/Quebec",2011S050535505,Apartment structures of three units and over,Bachelor units,v3823898,106.1.1,1122.0,Ottawa-Gatineau,"Ontario part, Ontario/Quebec"
2022,"Ottawa-Gatineau, Ontario part, Ontario/Quebec",2011S050535505,Apartment structures of three units and over,One bedroom units,v3824032,106.1.2,1347.0,Ottawa-Gatineau,"Ontario part, Ontario/Quebec"
2022,"Ottawa-Gatineau, Ontario part, Ontario/Quebec",2011S050535505,Apartment structures of three units and over,Two bedroom units,v3824166,106.1.3,1625.0,Ottawa-Gatineau,"Ontario part, Ontario/Quebec"
2022,"Ottawa-Gatineau, Ontario part, Ontario/Quebec",2011S050535505,Apartment structures of three units and over,Three bedroom units,v3824300,106.1.4,1947.0,Ottawa-Gatineau,"Ontario part, Ontario/Quebec"
2022,"Ottawa-Gatineau, Ontario part, Ontario/Quebec",2011S050535505,Apartment structures of six units and over,Bachelor units,v3824434,106.4.1,1127.0,Ottawa-Gatineau,"Ontario part, Ontario/Quebec"
2022,"Ottawa-Gatineau, Ontario part, Ontario/Quebec",2011S050535505,Apartment structures of six units and over,One bedroom units,v3824622,106.4.2,1355.0,Ottawa-Gatineau,"Ontario part, Ontario/Quebec"
2022,"Ottawa-Gatineau, Ontario part, Ontario/Quebec",2011S050535505,Apartment structures of six units and over,Two bedroom units,v3824810,106.4.3,1629.0,Ottawa-Gatineau,"Ontario part, Ontario/Quebec"
2022,"Ottawa-Gatineau, Ontario part, Ontario/Quebec",2011S050535505,Apartment structures of six units and over,Three bedroom units,v3824998,106.4.4,1935.0,Ottawa-Gatineau,"Ontario part, Ontario/Quebec"
